Age group,Sex 11,Cause of death (ICD-10) 2 3 4 5 12,2000,2001,2002,2003,2004,2005,2006,2007,2008,2009,2010,2011,2012,2013,2014,2015,2016,2017,2018,2019,2020,2021,2022,2023,2024
"Total, all ages",Both sexes,,Number,,,,,,,,,,,,,,,,,,,,,,,,
,,"Total, all causes of death  [A00-Y89]","218,362","219,950","224,002","226,584","226,828","230,561","228,532","235,422","238,737","238,656","240,253","243,704","246,887","252,423","258,899","264,525","267,622","278,590","286,006","285,611","308,824","313,268","338,217","327,546","326,779"
,,Chapter XX: External causes of morbidity and mortality  [V01-Y89],"13,345","13,424","14,044","14,211","14,026","14,897","14,797","15,175","15,454","15,659","16,356","16,416","16,825","16,981","17,536","17,983","18,989","20,619","21,599","21,590","23,982","25,547","26,508","25,601","25,498"
,,Transport accidents  [V01-V99],"3,129","3,049","3,179","3,116","3,047","3,271","3,191","3,156","2,867","2,626","2,726","2,469","2,553","2,397","2,216","2,312","2,342","2,217","2,277","2,114","2,009","1,991","2,171","1,926","1,990"
,,Other external causes of accidental injury  [W00-X59],"5,397","5,425","5,844","5,860","5,837","6,151","6,449","6,745","7,130","7,418","7,978","8,357","8,595","8,921","9,383","9,597","11,017","12,681","13,559","13,579","16,258","18,193","18,626","18,394","18,062"
,,Intentional self-harm  [X60-X84],"3,642","3,738","3,723","3,786","3,629","3,760","3,567","3,651","3,713","3,926","3,972","3,936","3,995","4,052","4,288","4,483","4,446","4,472","4,593","4,619","4,282","3,923","4,214","3,829","3,850"
,,Assault  [X85-Y09],480,496,489,465,557,616,550,562,579,575,528,559,500,454,456,506,469,560,517,539,577,488,489,348,440
,,Event of undetermined intent  [Y10-Y34],394,423,441,649,638,698,626,667,685,685,739,699,786,795,827,694,300,320,259,327,397,409,387,379,380
,,Legal intervention and operations of war  [Y35-Y36],11,7,7,5,11,16,11,16,17,23,20,23,16,17,20,15,20,17,20,14,25,12,16,9,12
,,Complications of medical and surgical care  [Y40-Y84],168,158,221,186,170,198,206,193,194,191,155,166,155,124,131,134,148,114,152,154,146,205,271,285,354
,,Sequelae of external causes of morbidity and mortality  [Y85-Y89],124,128,140,144,137,187,197,185,269,215,238,207,225,221,215,242,247,238,222,244,288,326,334,431,410
,Males,"Total, all causes of death  [A00-Y89]","111,916","112,262","113,539","115,161","114,659","116,286","115,467","118,808","120,509","120,467","120,755","122,390","124,432","127,020","130,810","133,567","136,056","142,325","145,960","146,521","159,957","164,685","176,288","170,320","170,014"
,,Chapter XX: External causes of morbidity and mortality  [V01-Y89],"8,887","9,007","9,222","9,285","9,084","9,795","9,533","9,850","9,929","10,052","10,319","10,371","10,489","10,591","10,938","11,355","12,094","13,339","13,777","13,590","15,483","16,317","16,628","15,874","15,847"
,,Transport accidents  [V01-V99],"2,205","2,177","2,224","2,218","2,201","2,316","2,225","2,300","2,076","1,908","1,966","1,811","1,821","1,674","1,600","1,685","1,658","1,581","1,632","1,474","1,473","1,453","1,589","1,385","1,479"
,,Other external causes of accidental injury  [W00-X59],"3,045","3,108","3,262","3,196","3,156","3,431","3,546","3,702","3,846","4,020","4,284","4,533","4,544","4,792","5,032","5,234","6,333","7,581","7,892","7,726","9,803","10,903","10,890","10,672","10,439"
,,Intentional self-harm  [X60-X84],"2,829","2,910","2,909","2,918","2,748","2,868","2,733","2,759","2,783","3,017","2,999","2,941","3,028","3,043","3,185","3,327","3,279","3,335","3,454","3,506","3,200","2,937","3,140","2,862","2,879"
,,Assault  [X85-Y09],348,355,330,338,396,454,405,415,455,426,389,393,366,320,335,353,364,411,386,415,452,383,375,258,318
,,Event of undetermined intent  [Y10-Y34],287,280,294,435,405,465,385,440,453,425,426,454,481,506,555,483,194,194,173,211,253,293,245,258,263
,,Legal intervention and operations of war  [Y35-Y36],11,7,7,5,11,16,10,16,16,23,19,23,16,17,20,15,20,17,18,12,25,11,16,9,11
,,Complications of medical and surgical care  [Y40-Y84],84,86,101,87,81,105,91,101,96,86,75,78,75,68,50,75,77,58,80,77,81,123,152,165,202
,,Sequelae of external causes of morbidity and mortality  [Y85-Y89],78,84,95,88,86,140,138,117,204,147,161,138,158,171,161,183,169,162,142,169,196,214,221,265,256
,Females,"Total, all causes of death  [A00-Y89]","106,446","107,688","110,463","111,423","112,169","114,275","113,065","116,614","118,228","118,189","119,498","121,314","122,455","125,403","128,089","130,958","131,566","136,265","140,046","139,090","148,867","148,583","161,929","157,226","156,765"
,,Chapter XX: External causes of morbidity and mortality  [V01-Y89],"4,458","4,417","4,822","4,926","4,942","5,102","5,264","5,325","5,525","5,607","6,037","6,045","6,336","6,390","6,598","6,628","6,895","7,280","7,822","8,000","8,499","9,230","9,880","9,727","9,651"
,,Transport accidents  [V01-V99],924,872,955,898,846,955,966,856,791,718,760,658,732,723,616,627,684,636,645,640,536,538,582,541,511
,,Other external causes of accidental injury  [W00-X59],"2,352","2,317","2,582","2,664","2,681","2,720","2,903","3,043","3,284","3,398","3,694","3,824","4,051","4,129","4,351","4,363","4,684","5,100","5,667","5,853","6,455","7,290","7,736","7,722","7,623"
,,Intentional self-harm  [X60-X84],813,828,814,868,881,892,834,892,930,909,973,995,967,"1,009","1,103","1,156","1,167","1,137","1,139","1,113","1,082",986,"1,074",967,971
,,Assault  [X85-Y09],132,141,159,127,161,162,145,147,124,149,139,166,134,134,121,153,105,149,131,124,125,105,114,90,122
,,Event of undetermined intent  [Y10-Y34],107,143,147,214,233,233,241,227,232,260,313,245,305,289,272,211,106,126,86,116,144,116,142,121,117
,,Legal intervention and operations of war  [Y35-Y36],0,0,0,0,0,0,1,0,1,0,1,0,0,0,0,0,0,0,2,2,0,1,0,0,1
,,Complications of medical and surgical care  [Y40-Y84],84,72,120,99,89,93,115,92,98,105,80,88,80,56,81,59,71,56,72,77,65,82,119,120,152
,,Sequelae of external causes of morbidity and mortality  [Y85-Y89],46,44,45,56,51,47,59,68,65,68,77,69,67,50,54,59,78,76,80,75,92,112,113,166,154
Under 1 year,Both sexes,"Total, all causes of death  [A00-Y89]","1,744","1,752","1,774","1,781","1,789","1,877","1,787","1,891","1,917","1,884","1,912","1,857","1,831","1,889","1,795","1,739","1,748","1,732","1,795","1,659","1,656","1,627","1,706","1,656","1,661"
,,Chapter XX: External causes of morbidity and mortality  [V01-Y89],60,38,54,36,34,41,42,45,47,39,46,48,51,42,40,50,35,49,40,55,35,19,23,22,33
,,Transport accidents  [V01-V99],5,6,5,4,2,5,7,6,2,4,4,3,6,5,2,6,2,3,1,2,2,0,1,1,3
,,Other external causes of accidental injury  [W00-X59],33,22,30,22,19,25,26,28,30,26,24,32,38,27,32,33,29,34,32,41,24,12,17,17,20
,,Intentional self-harm  [X60-X84],0,0,0,0,0,0,0,0,0,0,0,0,0,0,0,0,0,0,0,0,0,0,0,0,0
,,Assault  [X85-Y09],15,7,10,9,7,9,5,8,8,9,15,11,5,4,4,7,1,5,4,7,6,2,2,1,6
,,Event of undetermined intent  [Y10-Y34],5,3,5,1,5,1,2,1,3,0,3,2,2,5,2,4,2,7,3,5,3,5,3,2,1
,,Legal intervention and operations of war  [Y35-Y36],0,0,0,0,0,0,0,0,0,0,0,0,0,0,0,0,0,0,0,0,0,0,0,0,0
,,Complications of medical and surgical care  [Y40-Y84],2,0,4,0,1,1,2,2,4,0,0,0,0,1,0,0,1,0,0,0,0,0,0,1,3
,,Sequelae of external causes of morbidity and mortality  [Y85-Y89],0,0,0,0,0,0,0,0,0,0,0,0,0,0,0,0,0,0,0,0,0,0,0,0,0
,Males,"Total, all causes of death  [A00-Y89]",987,"1,001",987,991,963,"1,038",993,"1,050","1,062","1,000","1,071","1,048",986,"1,034","1,007",940,917,953,978,946,921,912,922,925,928
,,Chapter XX: External causes of morbidity and mortality  [V01-Y89],34,23,30,17,21,23,24,27,31,23,25,31,28,22,27,29,23,30,19,34,19,12,10,10,18
,,Transport accidents  [V01-V99],2,2,2,2,2,2,4,4,1,3,1,1,3,1,2,2,1,2,0,0,2,0,1,1,1
,,Other external causes of accidental injury  [W00-X59],18,14,18,11,10,12,13,17,22,13,13,22,20,14,20,22,21,21,17,25,11,8,7,7,12
,,Intentional self-harm  [X60-X84],0,0,0,0,0,0,0,0,0,0,0,0,0,0,0,0,0,0,0,0,0,0,0,0,0
,,Assault  [X85-Y09],9,5,4,3,5,7,4,3,4,7,10,6,4,3,3,3,0,3,1,5,4,2,1,0,3
,,Event of undetermined intent  [Y10-Y34],4,2,4,1,3,1,2,1,2,0,1,2,1,3,2,2,1,4,1,4,2,2,1,1,1
,,Legal intervention and operations of war  [Y35-Y36],0,0,0,0,0,0,0,0,0,0,0,0,0,0,0,0,0,0,0,0,0,0,0,0,0
,,Complications of medical and surgical care  [Y40-Y84],1,0,2,0,1,1,1,2,2,0,0,0,0,1,0,0,0,0,0,0,0,0,0,1,1
,,Sequelae of external causes of morbidity and mortality  [Y85-Y89],0,0,0,0,0,0,0,0,0,0,0,0,0,0,0,0,0,0,0,0,0,0,0,0,0
,Females,"Total, all causes of death  [A00-Y89]",757,751,787,790,826,839,794,841,855,884,841,809,845,855,788,799,831,779,817,713,735,715,784,731,733
,,Chapter XX: External causes of morbidity and mortality  [V01-Y89],26,15,24,19,13,18,18,18,16,16,21,17,23,20,13,21,12,19,21,21,16,7,13,12,15
,,Transport accidents  [V01-V99],3,4,3,2,0,3,3,2,1,1,3,2,3,4,0,4,1,1,1,2,0,0,0,0,2
,,Other external causes of accidental injury  [W00-X59],15,8,12,11,9,13,13,11,8,13,11,10,18,13,12,11,8,13,15,16,13,4,10,10,8
,,Intentional self-harm  [X60-X84],0,0,0,0,0,0,0,0,0,0,0,0,0,0,0,0,0,0,0,0,0,0,0,0,0
,,Assault  [X85-Y09],6,2,6,6,2,2,1,5,4,2,5,5,1,1,1,4,1,2,3,2,2,0,1,1,3
,,Event of undetermined intent  [Y10-Y34],1,1,1,0,2,0,0,0,1,0,2,0,1,2,0,2,1,3,2,1,1,3,2,1,0
,,Legal intervention and operations of war  [Y35-Y36],0,0,0,0,0,0,0,0,0,0,0,0,0,0,0,0,0,0,0,0,0,0,0,0,0
,,Complications of medical and surgical care  [Y40-Y84],1,0,2,0,0,0,1,0,2,0,0,0,0,0,0,0,1,0,0,0,0,0,0,0,2
,,Sequelae of external causes of morbidity and mortality  [Y85-Y89],0,0,0,0,0,0,0,0,0,0,0,0,0,0,0,0,0,0,0,0,0,0,0,0,0
1 to 4 years,Both sexes,"Total, all causes of death  [A00-Y89]",302,345,325,316,286,283,288,272,266,253,298,269,266,314,261,289,291,256,262,261,244,238,296,326,245
,,Chapter XX: External causes of morbidity and mortality  [V01-Y89],94,121,109,94,87,90,89,81,66,69,106,81,83,92,57,87,73,80,55,73,81,68,54,66,44
,,Transport accidents  [V01-V99],29,45,31,29,20,26,23,24,18,18,26,18,25,29,15,25,22,30,19,22,20,19,14,11,10
,,Other external causes of accidental injury  [W00-X59],47,56,55,56,48,47,51,47,37,37,62,43,40,50,31,47,50,40,29,42,45,37,36,47,29
,,Intentional self-harm  [X60-X84],0,0,0,0,0,0,0,0,0,0,0,0,0,0,0,0,0,0,0,0,0,0,0,0,0
,,Assault  [X85-Y09],11,15,18,8,12,16,13,7,8,11,12,12,13,8,10,9,1,3,3,4,9,6,3,3,3
,,Event of undetermined intent  [Y10-Y34],4,5,1,1,5,0,2,1,2,1,5,7,4,5,1,6,0,7,4,5,7,6,1,3,1
,,Legal intervention and operations of war  [Y35-Y36],0,0,0,0,0,0,0,0,0,0,0,0,0,0,0,0,0,0,0,0,0,0,0,0,0
,,Complications of medical and surgical care  [Y40-Y84],2,0,3,0,2,0,0,0,1,1,1,1,1,0,0,0,0,0,0,0,0,0,0,2,0
,,Sequelae of external causes of morbidity and mortality  [Y85-Y89],1,0,1,0,0,1,0,2,0,1,0,0,0,0,0,0,0,0,0,0,0,0,0,0,1
,Males,"Total, all causes of death  [A00-Y89]",171,195,172,177,154,170,166,157,153,150,176,158,135,162,132,172,167,148,134,144,138,140,161,195,144
,,Chapter XX: External causes of morbidity and mortality  [V01-Y89],57,74,64,53,46,50,58,48,37,40,71,49,47,52,32,56,47,48,31,43,52,39,29,40,28
,,Transport accidents  [V01-V99],19,30,17,15,11,14,13,13,8,9,15,11,12,14,9,14,14,17,11,12,13,14,5,3,7
,,Other external causes of accidental injury  [W00-X59],29,36,34,33,30,27,39,30,21,22,44,28,25,32,15,31,32,26,18,25,28,20,21,31,16
,,Intentional self-harm  [X60-X84],0,0,0,0,0,0,0,0,0,0,0,0,0,0,0,0,0,0,0,0,0,0,0,0,0
,,Assault  [X85-Y09],6,6,9,4,3,8,6,5,6,7,8,7,8,4,7,6,1,1,0,3,7,2,3,2,3
,,Event of undetermined intent  [Y10-Y34],1,2,1,1,1,0,0,0,2,0,3,3,2,2,1,5,0,4,2,3,4,3,0,3,1
,,Legal intervention and operations of war  [Y35-Y36],0,0,0,0,0,0,0,0,0,0,0,0,0,0,0,0,0,0,0,0,0,0,0,0,0
,,Complications of medical and surgical care  [Y40-Y84],1,0,2,0,1,0,0,0,0,1,1,0,0,0,0,0,0,0,0,0,0,0,0,1,0
,,Sequelae of external causes of morbidity and mortality  [Y85-Y89],1,0,1,0,0,1,0,0,0,1,0,0,0,0,0,0,0,0,0,0,0,0,0,0,1
,Females,"Total, all causes of death  [A00-Y89]",131,150,153,139,132,113,122,115,113,103,122,111,131,152,129,117,124,108,128,117,106,98,135,131,101
,,Chapter XX: External causes of morbidity and mortality  [V01-Y89],37,47,45,41,41,40,31,33,29,29,35,32,36,40,25,31,26,32,24,30,29,29,25,26,16
,,Transport accidents  [V01-V99],10,15,14,14,9,12,10,11,10,9,11,7,13,15,6,11,8,13,8,10,7,5,9,8,3
,,Other external causes of accidental injury  [W00-X59],18,20,21,23,18,20,12,17,16,15,18,15,15,18,16,16,18,14,11,17,17,17,15,16,13
,,Intentional self-harm  [X60-X84],0,0,0,0,0,0,0,0,0,0,0,0,0,0,0,0,0,0,0,0,0,0,0,0,0
,,Assault  [X85-Y09],5,9,9,4,9,8,7,2,2,4,4,5,5,4,3,3,0,2,3,1,2,4,0,1,0
,,Event of undetermined intent  [Y10-Y34],3,3,0,0,4,0,2,1,0,1,2,4,2,3,0,1,0,3,2,2,3,3,1,0,0
,,Legal intervention and operations of war  [Y35-Y36],0,0,0,0,0,0,0,0,0,0,0,0,0,0,0,0,0,0,0,0,0,0,0,0,0
,,Complications of medical and surgical care  [Y40-Y84],1,0,1,0,1,0,0,0,1,0,0,1,1,0,0,0,0,0,0,0,0,0,0,1,0
,,Sequelae of external causes of morbidity and mortality  [Y85-Y89],0,0,0,0,0,0,0,2,0,0,0,0,0,0,0,0,0,0,0,0,0,0,0,0,0
5 to 9 years,Both sexes,"Total, all causes of death  [A00-Y89]",256,246,234,204,195,201,204,210,202,186,148,168,145,164,150,167,163,167,167,163,159,153,220,197,190
,,Chapter XX: External causes of morbidity and mortality  [V01-Y89],94,98,94,73,80,73,66,68,83,51,41,57,48,48,45,40,45,51,51,37,51,41,61,46,31
,,Transport accidents  [V01-V99],58,56,54,41,37,35,31,42,34,20,22,23,28,22,20,18,20,26,22,10,18,19,17,17,14
,,Other external causes of accidental injury  [W00-X59],29,32,32,28,35,28,24,21,37,20,16,22,16,18,13,17,15,19,24,17,24,16,38,24,15
,,Intentional self-harm  [X60-X84],0,0,0,0,0,1,0,0,0,0,0,2,0,0,0,0,1,0,2,1,1,1,0,1,0
,,Assault  [X85-Y09],3,8,6,4,7,3,10,5,8,10,2,7,4,6,9,4,4,5,2,6,7,3,5,3,1
,,Event of undetermined intent  [Y10-Y34],1,2,2,0,1,2,0,0,1,0,0,2,0,0,1,1,3,0,0,1,0,1,1,0,0
,,Legal intervention and operations of war  [Y35-Y36],0,0,0,0,0,0,0,0,0,0,0,0,0,0,0,0,0,0,0,0,0,0,0,0,0
,,Complications of medical and surgical care  [Y40-Y84],2,0,0,0,0,2,0,0,2,0,0,1,0,1,1,0,1,1,0,0,0,0,0,0,0
,,Sequelae of external causes of morbidity and mortality  [Y85-Y89],1,0,0,0,0,2,1,0,1,1,1,0,0,1,1,0,1,0,1,2,1,1,0,1,1
,Males,"Total, all causes of death  [A00-Y89]",152,133,140,128,126,123,116,102,117,112,75,93,83,93,74,90,79,86,93,86,88,86,121,99,100
,,Chapter XX: External causes of morbidity and mortality  [V01-Y89],64,53,55,48,61,46,41,32,52,29,27,35,32,30,25,26,21,32,27,21,33,27,40,21,18
,,Transport accidents  [V01-V99],42,28,31,26,28,19,15,19,18,14,12,11,21,13,10,15,11,14,11,5,12,13,11,6,7
,,Other external causes of accidental injury  [W00-X59],19,23,21,19,26,20,19,10,26,12,12,17,9,13,9,9,9,15,13,12,17,11,26,13,9
,,Intentional self-harm  [X60-X84],0,0,0,0,0,1,0,0,0,0,0,1,0,0,0,0,0,0,2,0,1,1,0,0,0
,,Assault  [X85-Y09],1,1,2,3,6,2,6,3,6,3,2,4,2,4,5,1,0,2,0,2,2,2,2,2,1
,,Event of undetermined intent  [Y10-Y34],1,1,1,0,1,2,0,0,0,0,0,2,0,0,0,1,0,0,0,1,0,0,1,0,0
,,Legal intervention and operations of war  [Y35-Y36],0,0,0,0,0,0,0,0,0,0,0,0,0,0,0,0,0,0,0,0,0,0,0,0,0
,,Complications of medical and surgical care  [Y40-Y84],1,0,0,0,0,1,0,0,1,0,0,0,0,0,1,0,1,1,0,0,0,0,0,0,0
,,Sequelae of external causes of morbidity and mortality  [Y85-Y89],0,0,0,0,0,1,1,0,1,0,1,0,0,0,0,0,0,0,1,1,1,0,0,0,1
,Females,"Total, all causes of death  [A00-Y89]",104,113,94,76,69,78,88,108,85,74,73,75,62,71,76,77,84,81,74,77,71,67,99,98,90
,,Chapter XX: External causes of morbidity and mortality  [V01-Y89],30,45,39,25,19,27,25,36,31,22,14,22,16,18,20,14,24,19,24,16,18,14,21,25,13
,,Transport accidents  [V01-V99],16,28,23,15,9,16,16,23,16,6,10,12,7,9,10,3,9,12,11,5,6,6,6,11,7
,,Other external causes of accidental injury  [W00-X59],10,9,11,9,9,8,5,11,11,8,4,5,7,5,4,8,6,4,11,5,7,5,12,11,6
,,Intentional self-harm  [X60-X84],0,0,0,0,0,0,0,0,0,0,0,1,0,0,0,0,1,0,0,1,0,0,0,1,0
,,Assault  [X85-Y09],2,7,4,1,1,1,4,2,2,7,0,3,2,2,4,3,4,3,2,4,5,1,3,1,0
,,Event of undetermined intent  [Y10-Y34],0,1,1,0,0,0,0,0,1,0,0,0,0,0,1,0,3,0,0,0,0,1,0,0,0
,,Legal intervention and operations of war  [Y35-Y36],0,0,0,0,0,0,0,0,0,0,0,0,0,0,0,0,0,0,0,0,0,0,0,0,0
,,Complications of medical and surgical care  [Y40-Y84],1,0,0,0,0,1,0,0,1,0,0,1,0,1,0,0,0,0,0,0,0,0,0,0,0
,,Sequelae of external causes of morbidity and mortality  [Y85-Y89],1,0,0,0,0,1,0,0,0,1,0,0,0,1,1,0,1,0,0,1,0,1,0,1,0
10 to 14 years,Both sexes,"Total, all causes of death  [A00-Y89]",333,290,334,295,260,315,277,274,246,231,211,234,203,224,210,219,245,203,220,204,224,228,273,270,246
,,Chapter XX: External causes of morbidity and mortality  [V01-Y89],185,143,174,149,126,151,131,133,119,91,101,103,94,89,93,91,106,89,104,85,103,96,90,99,79
,,Transport accidents  [V01-V99],82,62,98,76,56,62,55,55,37,28,41,34,38,31,21,20,30,24,25,19,32,37,20,24,23
,,Other external causes of accidental injury  [W00-X59],47,41,35,33,35,34,29,29,41,23,17,27,16,17,27,32,18,21,23,20,16,21,28,26,11
,,Intentional self-harm  [X60-X84],47,29,36,27,28,43,32,33,25,25,33,32,34,35,33,35,50,37,49,36,38,33,34,42,38
,,Assault  [X85-Y09],5,9,5,10,6,6,10,9,8,8,4,3,5,2,7,2,5,4,5,7,14,3,5,5,3
,,Event of undetermined intent  [Y10-Y34],4,1,0,1,0,5,4,7,5,5,5,5,1,3,5,2,3,3,1,1,3,1,2,2,3
,,Legal intervention and operations of war  [Y35-Y36],0,0,0,0,0,0,0,0,1,0,0,0,0,0,0,0,0,0,0,0,0,0,0,0,0
,,Complications of medical and surgical care  [Y40-Y84],0,1,0,1,1,0,0,0,0,0,1,0,0,1,0,0,0,0,0,0,0,0,0,0,0
,,Sequelae of external causes of morbidity and mortality  [Y85-Y89],0,0,0,1,0,1,1,0,2,2,0,2,0,0,0,0,0,0,1,2,0,1,1,0,1
,Males,"Total, all causes of death  [A00-Y89]",191,166,195,181,158,189,163,161,160,131,121,136,105,111,110,119,137,111,121,113,129,126,149,146,130
,,Chapter XX: External causes of morbidity and mortality  [V01-Y89],118,93,109,97,86,91,76,83,79,58,60,68,51,44,53,48,51,42,54,45,60,47,46,54,43
,,Transport accidents  [V01-V99],48,42,61,47,37,41,36,28,24,19,24,23,20,14,12,10,20,14,15,14,23,22,13,20,15
,,Other external causes of accidental injury  [W00-X59],35,27,28,25,28,24,20,26,30,17,12,24,11,10,20,21,10,14,14,11,9,10,17,15,11
,,Intentional self-harm  [X60-X84],29,15,18,19,17,18,14,18,16,13,20,15,17,15,12,14,17,11,21,16,18,10,12,17,14
,,Assault  [X85-Y09],2,7,2,5,3,3,3,6,4,5,1,1,2,2,5,1,3,1,2,3,8,3,3,2,0
,,Event of undetermined intent  [Y10-Y34],4,1,0,1,0,4,3,5,2,3,3,3,1,2,4,2,1,2,1,0,2,1,1,0,2
,,Legal intervention and operations of war  [Y35-Y36],0,0,0,0,0,0,0,0,1,0,0,0,0,0,0,0,0,0,0,0,0,0,0,0,0
,,Complications of medical and surgical care  [Y40-Y84],0,1,0,0,1,0,0,0,0,0,0,0,0,1,0,0,0,0,0,0,0,0,0,0,0
,,Sequelae of external causes of morbidity and mortality  [Y85-Y89],0,0,0,0,0,1,0,0,2,1,0,2,0,0,0,0,0,0,1,1,0,1,0,0,1
,Females,"Total, all causes of death  [A00-Y89]",142,124,139,114,102,126,114,113,86,100,90,98,98,113,100,100,108,92,99,91,95,102,124,124,116
,,Chapter XX: External causes of morbidity and mortality  [V01-Y89],67,50,65,52,40,60,55,50,40,33,41,35,43,45,40,43,55,47,50,40,43,49,44,45,36
,,Transport accidents  [V01-V99],34,20,37,29,19,21,19,27,13,9,17,11,18,17,9,10,10,10,10,5,9,15,7,4,8
,,Other external causes of accidental injury  [W00-X59],12,14,7,8,7,10,9,3,11,6,5,3,5,7,7,11,8,7,9,9,7,11,11,11,0
,,Intentional self-harm  [X60-X84],18,14,18,8,11,25,18,15,9,12,13,17,17,20,21,21,33,26,28,20,20,23,22,25,24
,,Assault  [X85-Y09],3,2,3,5,3,3,7,3,4,3,3,2,3,0,2,1,2,3,3,4,6,0,2,3,3
,,Event of undetermined intent  [Y10-Y34],0,0,0,0,0,1,1,2,3,2,2,2,0,1,1,0,2,1,0,1,1,0,1,2,1
,,Legal intervention and operations of war  [Y35-Y36],0,0,0,0,0,0,0,0,0,0,0,0,0,0,0,0,0,0,0,0,0,0,0,0,0
,,Complications of medical and surgical care  [Y40-Y84],0,0,0,1,0,0,0,0,0,0,1,0,0,0,0,0,0,0,0,0,0,0,0,0,0
,,Sequelae of external causes of morbidity and mortality  [Y85-Y89],0,0,0,1,0,0,1,0,0,1,0,0,0,0,0,0,0,0,0,1,0,0,1,0,0
15 to 19 years,Both sexes,"Total, all causes of death  [A00-Y89]","1,053","1,046",989,991,942,998,"1,002",959,898,891,871,821,826,709,726,703,690,756,749,744,737,787,829,812,794
,,Chapter XX: External causes of morbidity and mortality  [V01-Y89],785,748,738,723,689,751,709,695,686,652,661,595,619,502,513,502,502,582,532,521,503,484,526,437,423
,,Transport accidents  [V01-V99],392,373,352,361,324,370,395,326,295,277,297,235,246,191,174,156,149,138,136,131,111,108,126,123,126
,,Other external causes of accidental injury  [W00-X59],113,105,104,87,92,89,83,90,103,82,92,81,99,87,79,93,109,152,126,119,150,130,148,124,111
,,Intentional self-harm  [X60-X84],226,208,221,217,210,213,156,186,209,204,198,205,230,168,212,205,198,232,230,223,185,198,203,156,141
,,Assault  [X85-Y09],42,43,43,37,40,53,59,65,58,66,46,48,27,38,26,27,38,49,36,38,43,39,34,24,30
,,Event of undetermined intent  [Y10-Y34],11,17,16,15,21,20,14,23,12,18,20,23,17,15,20,19,8,8,4,9,13,8,13,9,9
,,Legal intervention and operations of war  [Y35-Y36],0,0,0,1,0,1,0,1,4,2,2,2,0,1,1,1,0,2,0,0,0,0,0,0,2
,,Complications of medical and surgical care  [Y40-Y84],1,1,0,4,2,1,1,2,1,1,1,1,0,1,1,0,0,0,0,0,1,0,1,1,2
,,Sequelae of external causes of morbidity and mortality  [Y85-Y89],0,1,2,1,0,4,1,2,4,2,5,0,0,1,0,1,0,1,0,1,0,1,1,0,2
,Males,"Total, all causes of death  [A00-Y89]",715,734,682,702,673,679,685,672,611,605,596,551,542,463,494,460,457,506,505,490,476,501,548,526,512
,,Chapter XX: External causes of morbidity and mortality  [V01-Y89],567,557,540,542,514,531,505,514,490,470,476,422,431,340,372,350,336,400,376,357,327,322,359,289,296
,,Transport accidents  [V01-V99],262,269,252,265,232,253,266,237,203,196,208,169,168,134,118,108,98,93,82,87,63,68,91,90,102
,,Other external causes of accidental injury  [W00-X59],90,84,77,66,72,72,69,67,76,61,66,60,68,63,61,67,67,106,94,83,101,90,99,71,69
,,Intentional self-harm  [X60-X84],174,157,165,161,161,147,112,132,142,146,145,143,162,102,153,142,130,153,166,141,118,125,131,98,89
,,Assault  [X85-Y09],31,33,31,32,35,41,46,55,52,53,36,31,19,30,21,20,34,41,31,37,35,32,30,21,24
,,Event of undetermined intent  [Y10-Y34],10,14,13,13,13,13,11,20,10,10,13,16,14,9,18,12,7,4,3,8,9,6,8,8,7
,,Legal intervention and operations of war  [Y35-Y36],0,0,0,1,0,1,0,1,4,2,2,2,0,1,1,1,0,2,0,0,0,0,0,0,2
,,Complications of medical and surgical care  [Y40-Y84],0,0,0,3,1,0,0,1,0,1,1,1,0,1,0,0,0,0,0,0,1,0,0,1,1
,,Sequelae of external causes of morbidity and mortality  [Y85-Y89],0,0,2,1,0,4,1,1,3,1,5,0,0,0,0,0,0,1,0,1,0,1,0,0,2
,Females,"Total, all causes of death  [A00-Y89]",338,312,307,289,269,319,317,287,287,286,275,270,284,246,232,243,233,250,244,254,261,286,281,286,282
,,Chapter XX: External causes of morbidity and mortality  [V01-Y89],218,191,198,181,175,220,204,181,196,182,185,173,188,162,141,152,166,182,156,164,176,162,167,148,127
,,Transport accidents  [V01-V99],130,104,100,96,92,117,129,89,92,81,89,66,78,57,56,48,51,45,54,44,48,40,35,33,24
,,Other external causes of accidental injury  [W00-X59],23,21,27,21,20,17,14,23,27,21,26,21,31,24,18,26,42,46,32,36,49,40,49,53,42
,,Intentional self-harm  [X60-X84],52,51,56,56,49,66,44,54,67,58,53,62,68,66,59,63,68,79,64,82,67,73,72,58,52
,,Assault  [X85-Y09],11,10,12,5,5,12,13,10,6,13,10,17,8,8,5,7,4,8,5,1,8,7,4,3,6
,,Event of undetermined intent  [Y10-Y34],1,3,3,2,8,7,3,3,2,8,7,7,3,6,2,7,1,4,1,1,4,2,5,1,2
,,Legal intervention and operations of war  [Y35-Y36],0,0,0,0,0,0,0,0,0,0,0,0,0,0,0,0,0,0,0,0,0,0,0,0,0
,,Complications of medical and surgical care  [Y40-Y84],1,1,0,1,1,1,1,1,1,0,0,0,0,0,1,0,0,0,0,0,0,0,1,0,1
,,Sequelae of external causes of morbidity and mortality  [Y85-Y89],0,1,0,0,0,0,0,1,1,1,0,0,0,1,0,1,0,0,0,0,0,0,1,0,0
20 to 24 years,Both sexes,"Total, all causes of death  [A00-Y89]","1,326","1,280","1,267","1,322","1,293","1,359","1,335","1,297","1,269","1,220","1,227","1,278","1,279","1,209","1,157","1,279","1,301","1,417","1,508","1,346","1,569","1,621","1,567","1,523","1,462"
,,Chapter XX: External causes of morbidity and mortality  [V01-Y89],915,921,894,967,921,989,952,986,924,872,897,945,945,885,838,928,975,"1,048","1,101","1,005","1,113","1,086",986,861,879
,,Transport accidents  [V01-V99],385,374,378,381,406,422,393,417,360,304,311,300,308,275,223,246,227,201,217,199,210,177,198,137,175
,,Other external causes of accidental injury  [W00-X59],132,145,145,144,125,145,155,135,155,157,176,191,207,212,228,244,327,396,385,348,472,514,420,398,384
,,Intentional self-harm  [X60-X84],322,300,283,309,272,295,269,292,255,279,290,315,296,267,267,322,331,341,394,355,330,301,281,254,252
,,Assault  [X85-Y09],51,71,64,92,84,92,84,94,101,93,74,103,74,62,55,63,68,80,78,78,76,67,60,40,38
,,Event of undetermined intent  [Y10-Y34],22,28,21,37,32,30,43,42,46,32,44,30,52,63,58,48,19,23,23,19,22,24,22,30,25
,,Legal intervention and operations of war  [Y35-Y36],1,0,1,1,0,3,3,2,2,0,2,2,2,2,3,4,2,2,3,1,0,0,2,1,0
,,Complications of medical and surgical care  [Y40-Y84],1,0,0,0,0,1,1,1,1,2,0,2,0,0,2,0,1,0,0,1,0,0,2,0,3
,,Sequelae of external causes of morbidity and mortality  [Y85-Y89],1,3,2,3,2,1,4,3,4,5,0,2,6,4,2,1,0,5,1,4,3,3,1,1,2
,Males,"Total, all causes of death  [A00-Y89]",964,952,906,977,942,984,992,967,940,888,876,931,908,845,822,899,934,"1,017","1,053",964,"1,094","1,115","1,020",997,950
,,Chapter XX: External causes of morbidity and mortality  [V01-Y89],721,742,684,765,712,770,744,774,724,675,689,741,715,664,629,680,747,783,809,754,818,752,657,608,581
,,Transport accidents  [V01-V99],290,294,274,294,309,326,293,321,274,232,229,234,230,207,174,189,171,150,160,144,151,127,140,108,121
,,Other external causes of accidental injury  [W00-X59],110,119,114,119,91,110,118,106,125,124,138,162,157,162,160,171,249,299,276,256,354,325,270,263,246
,,Intentional self-harm  [X60-X84],261,246,227,251,219,231,223,231,204,205,227,238,226,196,194,233,249,249,289,267,235,223,185,181,166
,,Assault  [X85-Y09],40,62,49,73,69,78,69,79,88,83,59,82,61,49,48,47,60,65,66,70,61,56,45,32,32
,,Event of undetermined intent  [Y10-Y34],18,19,17,25,22,21,36,32,29,25,34,20,33,45,47,35,16,14,15,14,14,19,13,23,13
,,Legal intervention and operations of war  [Y35-Y36],1,0,1,1,0,3,3,2,2,0,2,2,2,2,3,4,2,2,3,1,0,0,2,1,0
,,Complications of medical and surgical care  [Y40-Y84],1,0,0,0,0,1,1,1,0,1,0,1,0,0,1,0,0,0,0,0,0,0,2,0,2
,,Sequelae of external causes of morbidity and mortality  [Y85-Y89],0,2,2,2,2,0,1,2,2,5,0,2,6,3,2,1,0,4,0,2,3,2,0,0,1
,Females,"Total, all causes of death  [A00-Y89]",362,328,361,345,351,375,343,330,329,332,351,347,371,364,335,380,367,400,455,382,475,506,547,526,512
,,Chapter XX: External causes of morbidity and mortality  [V01-Y89],194,179,210,202,209,219,208,212,200,197,208,204,230,221,209,248,228,265,292,251,295,334,329,253,298
,,Transport accidents  [V01-V99],95,80,104,87,97,96,100,96,86,72,82,66,78,68,49,57,56,51,57,55,59,50,58,29,54
,,Other external causes of accidental injury  [W00-X59],22,26,31,25,34,35,37,29,30,33,38,29,50,50,68,73,78,97,109,92,118,189,150,135,138
,,Intentional self-harm  [X60-X84],61,54,56,58,53,64,46,61,51,74,63,77,70,71,73,89,82,92,105,88,95,78,96,73,86
,,Assault  [X85-Y09],11,9,15,19,15,14,15,15,13,10,15,21,13,13,7,16,8,15,12,8,15,11,15,8,6
,,Event of undetermined intent  [Y10-Y34],4,9,4,12,10,9,7,10,17,7,10,10,19,18,11,13,3,9,8,5,8,5,9,7,12
,,Legal intervention and operations of war  [Y35-Y36],0,0,0,0,0,0,0,0,0,0,0,0,0,0,0,0,0,0,0,0,0,0,0,0,0
,,Complications of medical and surgical care  [Y40-Y84],0,0,0,0,0,0,0,0,1,1,0,1,0,0,1,0,1,0,0,1,0,0,0,0,1
,,Sequelae of external causes of morbidity and mortality  [Y85-Y89],1,1,0,1,0,1,3,1,2,0,0,0,0,1,0,0,0,1,1,2,0,1,1,1,1
25 to 29 years,Both sexes,"Total, all causes of death  [A00-Y89]","1,227","1,266","1,162","1,207","1,238","1,280","1,274","1,276","1,285","1,320","1,283","1,284","1,349","1,288","1,479","1,508","1,606","1,851","1,916","1,758","2,253","2,370","2,266","2,395","2,091"
,,Chapter XX: External causes of morbidity and mortality  [V01-Y89],758,798,740,752,788,806,811,868,802,820,822,818,880,857,963,"1,009","1,071","1,282","1,317","1,236","1,525","1,511","1,377","1,283","1,178"
,,Transport accidents  [V01-V99],250,234,234,258,261,286,280,250,243,219,219,205,208,183,204,195,213,195,196,155,189,184,179,161,154
,,Other external causes of accidental injury  [W00-X59],141,174,143,146,139,155,166,206,165,189,175,214,241,249,286,301,425,607,657,573,828,871,770,732,651
,,Intentional self-harm  [X60-X84],280,295,269,247,275,232,242,289,257,260,272,272,277,280,321,351,337,374,352,405,370,349,322,317,297
,,Assault  [X85-Y09],55,53,62,50,63,89,76,69,81,73,78,69,76,62,48,76,70,71,80,72,87,66,65,46,47
,,Event of undetermined intent  [Y10-Y34],26,35,28,49,46,41,41,48,48,67,64,51,68,79,98,81,16,27,24,23,40,38,28,22,20
,,Legal intervention and operations of war  [Y35-Y36],1,2,4,0,2,3,2,1,2,6,5,2,4,1,3,2,2,4,4,2,6,2,2,1,4
,,Complications of medical and surgical care  [Y40-Y84],4,3,0,1,1,0,2,1,3,0,0,1,1,1,0,0,2,1,2,2,2,0,2,0,1
,,Sequelae of external causes of morbidity and mortality  [Y85-Y89],1,2,0,1,1,0,2,4,3,6,9,4,5,2,3,3,6,3,2,4,3,1,9,4,4
,Males,"Total, all causes of death  [A00-Y89]",866,907,830,839,880,932,903,916,881,906,912,890,943,888,993,"1,066","1,153","1,320","1,330","1,255","1,627","1,664","1,570","1,612","1,410"
,,Chapter XX: External causes of morbidity and mortality  [V01-Y89],605,646,584,593,615,655,629,689,618,644,631,618,683,643,715,770,821,997,984,928,"1,176","1,112","1,001",904,856
,,Transport accidents  [V01-V99],202,191,189,210,204,221,219,200,190,167,180,158,163,130,159,157,159,151,148,114,147,129,134,130,117
,,Other external causes of accidental injury  [W00-X59],112,139,111,110,110,126,136,160,133,150,137,160,191,189,212,228,337,478,489,433,632,636,553,496,470
,,Intentional self-harm  [X60-X84],219,246,220,199,219,198,179,229,194,204,194,204,219,213,229,267,241,286,265,299,282,256,225,224,209
,,Assault  [X85-Y09],46,40,40,38,49,75,60,57,62,60,62,54,59,51,36,55,64,59,61,57,75,57,56,38,38
,,Event of undetermined intent  [Y10-Y34],22,23,20,34,30,32,31,38,33,52,44,39,44,56,73,58,12,17,15,20,30,31,22,14,15
,,Legal intervention and operations of war  [Y35-Y36],1,2,4,0,2,3,2,1,2,6,5,2,4,1,3,2,2,4,4,2,6,2,2,1,3
,,Complications of medical and surgical care  [Y40-Y84],3,3,0,1,0,0,0,1,1,0,0,0,0,1,0,0,2,0,1,1,1,0,2,0,0
,,Sequelae of external causes of morbidity and mortality  [Y85-Y89],0,2,0,1,1,0,2,3,3,5,9,1,3,2,3,3,4,2,1,2,3,1,7,1,4
,Females,"Total, all causes of death  [A00-Y89]",361,359,332,368,358,348,371,360,404,414,371,394,406,400,486,442,453,531,586,503,626,706,696,783,681
,,Chapter XX: External causes of morbidity and mortality  [V01-Y89],153,152,156,159,173,151,182,179,184,176,191,200,197,214,248,239,250,285,333,308,349,399,376,379,322
,,Transport accidents  [V01-V99],48,43,45,48,57,65,61,50,53,52,39,47,45,53,45,38,54,44,48,41,42,55,45,31,37
,,Other external causes of accidental injury  [W00-X59],29,35,32,36,29,29,30,46,32,39,38,54,50,60,74,73,88,129,168,140,196,235,217,236,181
,,Intentional self-harm  [X60-X84],61,49,49,48,56,34,63,60,63,56,78,68,58,67,92,84,96,88,87,106,88,93,97,93,88
,,Assault  [X85-Y09],9,13,22,12,14,14,16,12,19,13,16,15,17,11,12,21,6,12,19,15,12,9,9,8,9
,,Event of undetermined intent  [Y10-Y34],4,12,8,15,16,9,10,10,15,15,20,12,24,23,25,23,4,10,9,3,10,7,6,8,5
,,Legal intervention and operations of war  [Y35-Y36],0,0,0,0,0,0,0,0,0,0,0,0,0,0,0,0,0,0,0,0,0,0,0,0,1
,,Complications of medical and surgical care  [Y40-Y84],1,0,0,0,1,0,2,0,2,0,0,1,1,0,0,0,0,1,1,1,1,0,0,0,1
,,Sequelae of external causes of morbidity and mortality  [Y85-Y89],1,0,0,0,0,0,0,1,0,1,0,3,2,0,0,0,2,1,1,2,0,0,2,3,0
30 to 34 years,Both sexes,"Total, all causes of death  [A00-Y89]","1,653","1,630","1,587","1,508","1,496","1,553","1,430","1,395","1,376","1,475","1,438","1,481","1,458","1,521","1,663","1,719","1,890","2,139","2,123","2,069","2,619","2,897","2,982","3,144","2,961"
,,Chapter XX: External causes of morbidity and mortality  [V01-Y89],869,842,822,777,807,819,741,792,747,817,774,822,816,858,908,959,"1,150","1,376","1,289","1,226","1,591","1,710","1,647","1,638","1,512"
,,Transport accidents  [V01-V99],228,209,186,212,195,226,235,227,194,185,165,170,171,161,148,159,170,177,161,152,151,148,156,163,157
,,Other external causes of accidental injury  [W00-X59],228,211,213,170,163,165,156,191,180,213,205,240,234,273,295,329,576,749,707,621,944,"1,099","1,011","1,051",913
,,Intentional self-harm  [X60-X84],326,328,334,299,319,283,245,240,257,299,293,311,282,294,315,338,326,347,333,367,389,356,378,333,338
,,Assault  [X85-Y09],48,47,52,39,61,62,55,58,50,59,42,40,46,52,50,41,54,70,68,53,61,54,62,46,61
,,Event of undetermined intent  [Y10-Y34],28,35,31,51,54,71,40,67,55,48,59,52,75,69,90,88,18,25,10,23,38,43,36,32,30
,,Legal intervention and operations of war  [Y35-Y36],3,3,0,2,4,1,1,0,0,3,1,3,3,1,6,1,2,3,6,4,3,4,1,1,0
,,Complications of medical and surgical care  [Y40-Y84],6,3,3,1,2,2,2,1,1,1,4,1,5,3,0,0,0,2,1,2,0,2,1,3,4
,,Sequelae of external causes of morbidity and mortality  [Y85-Y89],2,6,3,3,9,9,7,8,10,9,5,5,0,5,4,3,4,3,3,4,5,4,2,9,9
,Males,"Total, all causes of death  [A00-Y89]","1,125","1,111","1,064","1,002","1,013","1,052",968,934,911,958,948,956,932,"1,005","1,085","1,138","1,284","1,492","1,439","1,397","1,807","2,023","2,028","2,121","1,978"
,,Chapter XX: External causes of morbidity and mortality  [V01-Y89],686,653,632,591,620,629,570,583,585,624,585,612,590,645,686,726,881,"1,079",982,922,"1,188","1,279","1,245","1,177","1,080"
,,Transport accidents  [V01-V99],179,160,141,163,154,169,182,164,148,142,134,133,128,122,115,124,127,143,126,113,112,111,130,108,113
,,Other external causes of accidental injury  [W00-X59],175,170,175,135,112,133,124,139,146,169,164,179,165,204,220,261,449,592,540,452,710,822,741,753,641
,,Intentional self-harm  [X60-X84],267,262,255,232,262,220,187,182,202,235,217,235,208,226,237,236,246,266,254,295,280,264,292,249,251
,,Assault  [X85-Y09],38,32,39,26,40,48,41,43,39,43,31,28,37,40,39,32,40,53,48,41,53,42,52,36,48
,,Event of undetermined intent  [Y10-Y34],21,20,20,30,42,50,29,49,41,25,30,29,48,47,66,69,14,19,7,14,26,31,26,22,22
,,Legal intervention and operations of war  [Y35-Y36],3,3,0,2,4,1,1,0,0,3,1,3,3,1,6,1,2,3,4,3,3,4,1,1,0
,,Complications of medical and surgical care  [Y40-Y84],2,1,0,1,0,1,1,0,0,0,3,1,1,1,0,0,0,1,1,1,0,1,1,1,1
,,Sequelae of external causes of morbidity and mortality  [Y85-Y89],1,5,2,2,6,7,5,6,9,7,5,4,0,4,3,3,3,2,2,3,4,4,2,7,4
,Females,"Total, all causes of death  [A00-Y89]",528,519,523,506,483,501,462,461,465,517,490,525,526,516,578,581,606,647,684,672,812,874,954,"1,023",983
,,Chapter XX: External causes of morbidity and mortality  [V01-Y89],183,189,190,186,187,190,171,209,162,193,189,210,226,213,222,233,269,297,307,304,403,431,402,461,432
,,Transport accidents  [V01-V99],49,49,45,49,41,57,53,63,46,43,31,37,43,39,33,35,43,34,35,39,39,37,26,55,44
,,Other external causes of accidental injury  [W00-X59],53,41,38,35,51,32,32,52,34,44,41,61,69,69,75,68,127,157,167,169,234,277,270,298,272
,,Intentional self-harm  [X60-X84],59,66,79,67,57,63,58,58,55,64,76,76,74,68,78,102,80,81,79,72,109,92,86,84,87
,,Assault  [X85-Y09],10,15,13,13,21,14,14,15,11,16,11,12,9,12,11,9,14,17,20,12,8,12,10,10,13
,,Event of undetermined intent  [Y10-Y34],7,15,11,21,12,21,11,18,14,23,29,23,27,22,24,19,4,6,3,9,12,12,10,10,8
,,Legal intervention and operations of war  [Y35-Y36],0,0,0,0,0,0,0,0,0,0,0,0,0,0,0,0,0,0,2,1,0,0,0,0,0
,,Complications of medical and surgical care  [Y40-Y84],4,2,3,0,2,1,1,1,1,1,1,0,4,2,0,0,0,1,0,1,0,1,0,2,3
,,Sequelae of external causes of morbidity and mortality  [Y85-Y89],1,1,1,1,3,2,2,2,1,2,0,1,0,1,1,0,1,1,1,1,1,0,0,2,5
35 to 39 years,Both sexes,"Total, all causes of death  [A00-Y89]","2,695","2,667","2,553","2,417","2,273","2,188","2,144","2,077","2,067","1,967","1,915","1,817","1,830","1,835","1,998","1,942","2,175","2,431","2,494","2,487","3,026","3,652","3,487","3,755","3,375"
,,Chapter XX: External causes of morbidity and mortality  [V01-Y89],"1,066","1,102","1,068","1,050",937,984,915,911,859,834,861,789,808,813,886,877,"1,007","1,272","1,296","1,268","1,558","1,795","1,701","1,722","1,512"
,,Transport accidents  [V01-V99],205,247,237,251,214,210,215,211,186,149,171,142,136,154,128,109,134,173,142,120,116,141,151,141,129
,,Other external causes of accidental injury  [W00-X59],296,280,294,234,218,239,231,252,228,219,225,226,243,239,291,324,459,676,725,685,971,"1,192","1,069","1,143",973
,,Intentional self-harm  [X60-X84],435,447,420,438,393,384,323,327,316,337,347,308,300,299,324,307,339,350,350,372,362,353,389,357,330
,,Assault  [X85-Y09],65,58,48,45,44,57,58,48,45,57,42,38,49,37,46,47,33,48,44,44,57,59,50,36,42
,,Event of undetermined intent  [Y10-Y34],52,66,53,71,64,84,71,62,69,55,65,62,67,74,82,80,36,17,23,40,43,36,31,33,30
,,Legal intervention and operations of war  [Y35-Y36],2,2,1,1,1,1,1,4,2,5,3,4,3,1,1,2,4,2,2,1,2,2,2,3,2
,,Complications of medical and surgical care  [Y40-Y84],5,0,4,1,1,4,2,3,0,1,1,1,3,1,1,2,0,2,2,0,1,2,3,3,2
,,Sequelae of external causes of morbidity and mortality  [Y85-Y89],6,2,11,9,2,5,14,4,13,11,7,8,7,8,13,6,2,4,8,6,6,10,6,6,4
,Males,"Total, all causes of death  [A00-Y89]","1,748","1,684","1,585","1,602","1,470","1,421","1,369","1,387","1,292","1,229","1,213","1,146","1,146","1,164","1,265","1,242","1,370","1,639","1,628","1,614","2,010","2,441","2,334","2,510","2,269"
,,Chapter XX: External causes of morbidity and mortality  [V01-Y89],830,857,783,810,697,747,695,707,650,620,632,581,603,602,664,659,761,980,974,946,"1,183","1,346","1,279","1,283","1,128"
,,Transport accidents  [V01-V99],165,190,174,190,154,155,161,174,148,116,126,109,98,116,103,81,96,128,109,89,82,105,116,109,103
,,Other external causes of accidental injury  [W00-X59],227,221,211,181,174,188,174,191,168,163,164,162,181,175,216,251,351,532,533,512,741,876,814,833,730
,,Intentional self-harm  [X60-X84],347,356,319,346,284,300,261,258,240,254,267,236,228,221,247,225,256,270,269,285,273,281,280,274,237
,,Assault  [X85-Y09],46,41,31,35,37,37,41,35,36,39,32,27,39,25,28,34,25,30,35,36,47,44,42,32,32
,,Event of undetermined intent  [Y10-Y34],36,45,35,51,45,59,44,41,48,34,35,38,47,56,58,62,28,13,17,19,33,29,21,24,22
,,Legal intervention and operations of war  [Y35-Y36],2,2,1,1,1,1,1,4,2,5,3,4,3,1,1,2,4,2,2,1,2,1,2,3,2
,,Complications of medical and surgical care  [Y40-Y84],3,0,2,0,0,2,1,0,0,1,0,0,2,1,0,1,0,1,1,0,1,2,0,2,1
,,Sequelae of external causes of morbidity and mortality  [Y85-Y89],4,2,10,6,2,5,12,4,8,8,5,5,5,7,11,3,1,4,8,4,4,8,4,6,1
,Females,"Total, all causes of death  [A00-Y89]",947,983,968,815,803,767,775,690,775,738,702,671,684,671,733,700,805,792,866,873,"1,016","1,211","1,153","1,245","1,106"
,,Chapter XX: External causes of morbidity and mortality  [V01-Y89],236,245,285,240,240,237,220,204,209,214,229,208,205,211,222,218,246,292,322,322,375,449,422,439,384
,,Transport accidents  [V01-V99],40,57,63,61,60,55,54,37,38,33,45,33,38,38,25,28,38,45,33,31,34,36,35,32,26
,,Other external causes of accidental injury  [W00-X59],69,59,83,53,44,51,57,61,60,56,61,64,62,64,75,73,108,144,192,173,230,316,255,310,243
,,Intentional self-harm  [X60-X84],88,91,101,92,109,84,62,69,76,83,80,72,72,78,77,82,83,80,81,87,89,72,109,83,93
,,Assault  [X85-Y09],19,17,17,10,7,20,17,13,9,18,10,11,10,12,18,13,8,18,9,8,10,15,8,4,10
,,Event of undetermined intent  [Y10-Y34],16,21,18,20,19,25,27,21,21,21,30,24,20,18,24,18,8,4,6,21,10,7,10,9,8
,,Legal intervention and operations of war  [Y35-Y36],0,0,0,0,0,0,0,0,0,0,0,0,0,0,0,0,0,0,0,0,0,1,0,0,0
,,Complications of medical and surgical care  [Y40-Y84],2,0,2,1,1,2,1,3,0,0,1,1,1,0,1,1,0,1,1,0,0,0,3,1,1
,,Sequelae of external causes of morbidity and mortality  [Y85-Y89],2,0,1,3,0,0,2,0,5,3,2,3,2,1,2,3,1,0,0,2,2,2,2,0,3
40 to 44 years,Both sexes,"Total, all causes of death  [A00-Y89]","3,908","3,855","3,853","3,928","3,723","3,899","3,694","3,526","3,396","3,242","3,025","2,951","2,893","2,770","2,798","2,834","2,915","2,897","3,042","3,004","3,666","4,087","4,162","4,249","4,224"
,,Chapter XX: External causes of morbidity and mortality  [V01-Y89],"1,138","1,118","1,174","1,195","1,089","1,213","1,130","1,131","1,118","1,015",999,993,974,905,919,978,"1,033","1,105","1,168","1,118","1,450","1,566","1,659","1,523","1,552"
,,Transport accidents  [V01-V99],237,244,270,254,221,238,237,230,175,173,199,145,168,148,123,144,144,137,137,122,109,125,134,104,134
,,Other external causes of accidental injury  [W00-X59],272,291,354,297,302,293,301,339,317,275,295,340,311,282,287,356,435,555,604,547,899,"1,026","1,053","1,002",989
,,Intentional self-harm  [X60-X84],498,456,440,464,411,497,425,409,454,434,369,370,371,371,373,374,382,344,357,369,359,323,381,333,339
,,Assault  [X85-Y09],61,62,41,50,60,58,46,49,53,41,44,49,34,36,37,42,39,34,32,41,43,47,37,34,42
,,Event of undetermined intent  [Y10-Y34],54,53,57,119,84,112,96,88,98,81,74,79,82,59,83,57,23,27,26,27,22,39,40,34,40
,,Legal intervention and operations of war  [Y35-Y36],2,0,0,0,1,2,2,3,4,1,1,2,1,3,2,0,2,0,5,3,3,1,2,0,0
,,Complications of medical and surgical care  [Y40-Y84],5,3,1,5,7,3,9,4,5,5,3,1,2,0,7,3,3,3,1,3,2,2,5,3,1
,,Sequelae of external causes of morbidity and mortality  [Y85-Y89],9,9,11,6,3,10,14,9,12,5,14,7,5,6,7,2,5,5,6,6,13,3,7,13,7
,Males,"Total, all causes of death  [A00-Y89]","2,448","2,376","2,407","2,429","2,385","2,435","2,291","2,204","2,067","1,986","1,860","1,843","1,786","1,685","1,691","1,740","1,795","1,817","1,939","1,887","2,404","2,694","2,712","2,803","2,738"
,,Chapter XX: External causes of morbidity and mortality  [V01-Y89],869,861,904,899,839,912,839,835,833,740,734,741,723,655,685,730,787,844,879,843,"1,116","1,179","1,262","1,133","1,164"
,,Transport accidents  [V01-V99],166,181,210,177,173,175,173,181,131,127,153,114,122,109,95,111,114,104,103,97,94,102,105,84,101
,,Other external causes of accidental injury  [W00-X59],217,228,268,231,241,227,224,258,228,185,222,249,228,206,224,267,325,429,450,408,684,760,807,741,721
,,Intentional self-harm  [X60-X84],393,360,345,358,320,375,333,299,356,341,272,280,296,273,279,276,297,260,272,282,271,251,282,253,274
,,Assault  [X85-Y09],42,46,29,36,40,45,33,33,43,30,30,36,24,21,26,29,29,27,26,32,36,35,27,22,29
,,Event of undetermined intent  [Y10-Y34],41,34,43,90,59,79,60,52,61,51,43,54,47,38,51,44,14,20,17,17,18,27,32,22,33
,,Legal intervention and operations of war  [Y35-Y36],2,0,0,0,1,2,2,3,3,1,1,2,1,3,2,0,2,0,5,2,3,1,2,0,0
,,Complications of medical and surgical care  [Y40-Y84],2,3,1,1,3,1,4,2,1,2,2,0,1,0,2,1,3,0,1,1,0,0,1,3,0
,,Sequelae of external causes of morbidity and mortality  [Y85-Y89],6,9,8,6,2,8,10,7,10,3,11,6,4,5,6,2,3,4,5,4,10,3,6,8,6
,Females,"Total, all causes of death  [A00-Y89]","1,460","1,479","1,446","1,499","1,338","1,464","1,403","1,322","1,329","1,256","1,165","1,108","1,107","1,085","1,107","1,094","1,120","1,080","1,103","1,117","1,262","1,393","1,450","1,446","1,486"
,,Chapter XX: External causes of morbidity and mortality  [V01-Y89],269,257,270,296,250,301,291,296,285,275,265,252,251,250,234,248,246,261,289,275,334,387,397,390,388
,,Transport accidents  [V01-V99],71,63,60,77,48,63,64,49,44,46,46,31,46,39,28,33,30,33,34,25,15,23,29,20,33
,,Other external causes of accidental injury  [W00-X59],55,63,86,66,61,66,77,81,89,90,73,91,83,76,63,89,110,126,154,139,215,266,246,261,268
,,Intentional self-harm  [X60-X84],105,96,95,106,91,122,92,110,98,93,97,90,75,98,94,98,85,84,85,87,88,72,99,80,65
,,Assault  [X85-Y09],19,16,12,14,20,13,13,16,10,11,14,13,10,15,11,13,10,7,6,9,7,12,10,12,13
,,Event of undetermined intent  [Y10-Y34],13,19,14,29,25,33,36,36,37,30,31,25,35,21,32,13,9,7,9,10,4,12,8,12,7
,,Legal intervention and operations of war  [Y35-Y36],0,0,0,0,0,0,0,0,1,0,0,0,0,0,0,0,0,0,0,1,0,0,0,0,0
,,Complications of medical and surgical care  [Y40-Y84],3,0,0,4,4,2,5,2,4,3,1,1,1,0,5,2,0,3,0,2,2,2,4,0,1
,,Sequelae of external causes of morbidity and mortality  [Y85-Y89],3,0,3,0,1,2,4,2,2,2,3,1,1,1,1,0,2,1,1,2,3,0,1,5,1
45 to 49 years,Both sexes,"Total, all causes of death  [A00-Y89]","5,232","5,511","5,603","5,755","5,697","5,850","5,861","5,870","5,812","5,864","5,488","5,289","5,137","4,935","4,689","4,406","4,576","4,611","4,466","4,343","4,921","5,149","5,267","5,167","5,026"
,,Chapter XX: External causes of morbidity and mortality  [V01-Y89],"1,026","1,072","1,127","1,104","1,143","1,269","1,236","1,285","1,234","1,291","1,299","1,202","1,236","1,168","1,169","1,142","1,165","1,317","1,286","1,158","1,383","1,453","1,479","1,471","1,343"
,,Transport accidents  [V01-V99],224,211,230,240,228,261,259,253,234,223,195,171,209,156,155,156,137,125,130,125,128,129,138,116,113
,,Other external causes of accidental injury  [W00-X59],309,298,324,278,298,344,356,355,352,396,426,403,382,373,390,392,526,686,654,555,811,921,887,954,825
,,Intentional self-harm  [X60-X84],403,465,452,456,449,481,465,489,470,493,502,452,471,472,479,466,424,418,437,393,361,321,365,325,314
,,Assault  [X85-Y09],32,36,36,24,51,44,36,42,57,41,54,45,39,30,34,36,35,43,38,41,35,34,39,25,28
,,Event of undetermined intent  [Y10-Y34],44,45,67,93,103,115,100,123,97,107,98,106,115,114,93,74,28,32,18,27,37,35,34,34,36
,,Legal intervention and operations of war  [Y35-Y36],1,0,1,0,1,2,0,1,1,3,2,4,2,4,1,5,3,1,0,2,3,1,1,2,0
,,Complications of medical and surgical care  [Y40-Y84],6,3,6,5,2,4,3,4,3,5,3,4,2,1,0,2,4,1,3,3,2,4,4,4,9
,,Sequelae of external causes of morbidity and mortality  [Y85-Y89],7,14,11,8,11,18,17,18,20,23,19,17,16,18,17,11,8,11,6,12,6,8,11,11,18
,Males,"Total, all causes of death  [A00-Y89]","3,219","3,374","3,396","3,549","3,471","3,537","3,595","3,488","3,461","3,520","3,355","3,163","3,057","2,997","2,885","2,737","2,777","2,824","2,779","2,657","3,112","3,354","3,300","3,243","3,129"
,,Chapter XX: External causes of morbidity and mortality  [V01-Y89],770,805,845,812,834,958,915,936,895,972,969,885,862,877,882,846,855,974,954,853,"1,055","1,115","1,130","1,089","1,003"
,,Transport accidents  [V01-V99],166,151,163,178,173,195,180,192,177,174,141,142,156,122,123,112,107,90,99,92,100,103,108,78,85
,,Other external causes of accidental injury  [W00-X59],247,236,235,199,226,266,276,252,247,293,310,279,263,273,284,284,376,515,472,383,618,703,674,706,615
,,Intentional self-harm  [X60-X84],290,347,362,333,328,380,352,369,338,377,406,334,338,368,359,356,319,313,334,311,272,249,283,247,237
,,Assault  [X85-Y09],21,26,27,20,35,33,31,26,43,28,36,33,28,20,29,24,31,31,33,32,28,27,27,22,20
,,Event of undetermined intent  [Y10-Y34],35,33,47,69,63,66,60,81,70,76,61,74,60,72,71,54,14,17,11,23,26,25,25,21,26
,,Legal intervention and operations of war  [Y35-Y36],1,0,1,0,1,2,0,1,1,3,1,4,2,4,1,5,3,1,0,2,3,1,1,2,0
,,Complications of medical and surgical care  [Y40-Y84],3,2,3,5,2,3,1,1,2,3,0,2,1,0,0,2,1,0,0,1,2,2,1,2,5
,,Sequelae of external causes of morbidity and mortality  [Y85-Y89],7,10,7,8,6,13,15,14,17,18,14,17,14,18,15,9,4,7,5,9,6,5,11,11,15
,Females,"Total, all causes of death  [A00-Y89]","2,013","2,137","2,207","2,206","2,226","2,313","2,266","2,382","2,351","2,344","2,133","2,126","2,080","1,938","1,804","1,669","1,799","1,787","1,687","1,686","1,809","1,795","1,967","1,924","1,897"
,,Chapter XX: External causes of morbidity and mortality  [V01-Y89],256,267,282,292,309,311,321,349,339,319,330,317,374,291,287,296,310,343,332,305,328,338,349,382,340
,,Transport accidents  [V01-V99],58,60,67,62,55,66,79,61,57,49,54,29,53,34,32,44,30,35,31,33,28,26,30,38,28
,,Other external causes of accidental injury  [W00-X59],62,62,89,79,72,78,80,103,105,103,116,124,119,100,106,108,150,171,182,172,193,218,213,248,210
,,Intentional self-harm  [X60-X84],113,118,90,123,121,101,113,120,132,116,96,118,133,104,120,110,105,105,103,82,89,72,82,78,77
,,Assault  [X85-Y09],11,10,9,4,16,11,5,16,14,13,18,12,11,10,5,12,4,12,5,9,7,7,12,3,8
,,Event of undetermined intent  [Y10-Y34],9,12,20,24,40,49,40,42,27,31,37,32,55,42,22,20,14,15,7,4,11,10,9,13,10
,,Legal intervention and operations of war  [Y35-Y36],0,0,0,0,0,0,0,0,0,0,1,0,0,0,0,0,0,0,0,0,0,0,0,0,0
,,Complications of medical and surgical care  [Y40-Y84],3,1,3,0,0,1,2,3,1,2,3,2,1,1,0,0,3,1,3,2,0,2,3,2,4
,,Sequelae of external causes of morbidity and mortality  [Y85-Y89],0,4,4,0,5,5,2,4,3,5,5,0,2,0,2,2,4,4,1,3,0,3,0,0,3
50 to 54 years,Both sexes,"Total, all causes of death  [A00-Y89]","7,495","7,650","7,595","7,879","7,843","7,973","8,196","8,405","8,651","8,656","8,465","8,397","8,417","8,323","8,223","8,227","8,186","7,935","7,702","7,169","7,569","8,011","7,732","7,604","7,179"
,,Chapter XX: External causes of morbidity and mortality  [V01-Y89],821,891,928,964,986,"1,046","1,000","1,100","1,200","1,231","1,261","1,238","1,238","1,290","1,362","1,411","1,427","1,511","1,523","1,371","1,466","1,569","1,512","1,492","1,379"
,,Transport accidents  [V01-V99],176,188,194,203,197,194,181,228,212,207,225,182,189,186,186,175,170,164,171,152,146,134,146,127,135
,,Other external causes of accidental injury  [W00-X59],240,223,257,241,264,307,311,321,418,379,381,418,413,449,474,539,650,756,780,681,895,"1,001",956,929,808
,,Intentional self-harm  [X60-X84],330,396,381,404,395,411,376,414,420,479,487,469,474,500,533,533,509,496,491,447,361,339,330,349,351
,,Assault  [X85-Y09],22,32,26,29,25,30,34,31,36,26,33,29,31,25,39,45,28,40,30,42,31,23,17,18,32
,,Event of undetermined intent  [Y10-Y34],38,37,47,71,83,81,84,82,88,115,109,106,97,105,96,82,35,29,31,29,23,41,35,45,34
,,Legal intervention and operations of war  [Y35-Y36],1,0,0,0,1,1,2,2,0,0,2,2,1,3,3,0,2,0,0,1,3,1,1,0,1
,,Complications of medical and surgical care  [Y40-Y84],3,5,11,6,11,5,3,9,5,7,5,11,10,5,10,8,7,4,3,4,3,10,9,5,6
,,Sequelae of external causes of morbidity and mortality  [Y85-Y89],11,10,12,10,10,17,9,13,21,18,19,21,23,17,21,29,26,22,17,15,4,20,18,19,12
,Males,"Total, all causes of death  [A00-Y89]","4,495","4,713","4,666","4,781","4,750","4,842","4,931","5,139","5,313","5,288","5,113","4,972","5,095","5,054","4,932","4,896","4,880","4,821","4,772","4,338","4,699","5,132","4,853","4,783","4,455"
,,Chapter XX: External causes of morbidity and mortality  [V01-Y89],600,676,704,686,716,764,713,801,835,909,877,869,921,916,965,973,"1,027","1,091","1,125",975,"1,098","1,202","1,124","1,117","1,051"
,,Transport accidents  [V01-V99],128,132,137,144,144,149,125,169,151,153,155,134,146,133,134,139,126,121,127,103,113,101,110,93,114
,,Other external causes of accidental injury  [W00-X59],176,178,205,184,211,224,233,238,280,289,263,289,304,304,331,351,469,538,579,482,683,782,710,693,615
,,Intentional self-harm  [X60-X84],241,305,293,286,287,295,272,313,311,367,355,337,362,381,391,378,362,362,358,325,257,249,258,275,261
,,Assault  [X85-Y09],18,20,19,16,15,20,21,16,25,19,24,18,23,19,32,28,18,33,22,31,23,21,14,8,23
,,Event of undetermined intent  [Y10-Y34],26,30,36,44,48,59,52,47,50,62,60,68,59,58,55,48,26,17,25,18,13,29,15,33,25
,,Legal intervention and operations of war  [Y35-Y36],1,0,0,0,1,1,1,2,0,0,2,2,1,3,3,0,2,0,0,1,3,1,1,0,1
,,Complications of medical and surgical care  [Y40-Y84],2,3,2,3,3,3,2,5,1,4,2,7,7,4,4,4,4,2,2,3,2,2,5,2,4
,,Sequelae of external causes of morbidity and mortality  [Y85-Y89],8,8,12,9,7,13,7,11,17,15,16,14,19,14,15,25,20,18,12,12,4,17,11,13,8
,Females,"Total, all causes of death  [A00-Y89]","3,000","2,937","2,929","3,098","3,093","3,131","3,265","3,266","3,338","3,368","3,352","3,425","3,322","3,269","3,291","3,331","3,306","3,114","2,930","2,831","2,870","2,879","2,879","2,821","2,724"
,,Chapter XX: External causes of morbidity and mortality  [V01-Y89],221,215,224,278,270,282,287,299,365,322,384,369,317,374,397,438,400,420,398,396,368,367,388,375,328
,,Transport accidents  [V01-V99],48,56,57,59,53,45,56,59,61,54,70,48,43,53,52,36,44,43,44,49,33,33,36,34,21
,,Other external causes of accidental injury  [W00-X59],64,45,52,57,53,83,78,83,138,90,118,129,109,145,143,188,181,218,201,199,212,219,246,236,193
,,Intentional self-harm  [X60-X84],89,91,88,118,108,116,104,101,109,112,132,132,112,119,142,155,147,134,133,122,104,90,72,74,90
,,Assault  [X85-Y09],4,12,7,13,10,10,13,15,11,7,9,11,8,6,7,17,10,7,8,11,8,2,3,10,9
,,Event of undetermined intent  [Y10-Y34],12,7,11,27,35,22,32,35,38,53,49,38,38,47,41,34,9,12,6,11,10,12,20,12,9
,,Legal intervention and operations of war  [Y35-Y36],0,0,0,0,0,0,1,0,0,0,0,0,0,0,0,0,0,0,0,0,0,0,0,0,0
,,Complications of medical and surgical care  [Y40-Y84],1,2,9,3,8,2,1,4,4,3,3,4,3,1,6,4,3,2,1,1,1,8,4,3,2
,,Sequelae of external causes of morbidity and mortality  [Y85-Y89],3,2,0,1,3,4,2,2,4,3,3,7,4,3,6,4,6,4,5,3,0,3,7,6,4
55 to 59 years,Both sexes,"Total, all causes of death  [A00-Y89]","9,352","9,415","10,066","10,209","10,625","10,910","10,883","11,205","11,342","11,201","11,345","11,518","11,943","12,071","12,304","12,395","12,542","12,622","12,632","12,447","13,369","13,489","13,035","12,327","11,220"
,,Chapter XX: External causes of morbidity and mortality  [V01-Y89],624,642,763,703,758,815,917,901,969,"1,015","1,008","1,047","1,197","1,195","1,240","1,310","1,342","1,437","1,546","1,489","1,703","1,700","1,696","1,576","1,441"
,,Transport accidents  [V01-V99],156,130,187,144,174,175,192,200,193,179,165,164,169,175,168,202,182,176,161,175,169,139,169,135,118
,,Other external causes of accidental injury  [W00-X59],201,187,224,188,214,244,297,307,328,335,320,345,434,445,469,479,585,687,808,739,963,"1,094","1,037",952,864
,,Intentional self-harm  [X60-X84],217,259,272,292,275,294,330,310,337,378,386,408,436,439,470,491,479,468,495,496,461,356,378,396,347
,,Assault  [X85-Y09],10,18,23,15,26,27,19,21,17,27,30,38,35,24,31,37,29,29,27,26,33,25,27,16,29
,,Event of undetermined intent  [Y10-Y34],28,30,35,41,53,48,52,46,58,66,76,65,88,79,76,63,35,40,27,27,49,45,47,30,34
,,Legal intervention and operations of war  [Y35-Y36],0,0,0,0,0,1,0,0,1,2,0,1,0,0,0,0,2,1,0,0,1,0,1,1,2
,,Complications of medical and surgical care  [Y40-Y84],8,11,12,8,7,7,4,7,10,9,11,7,10,3,3,10,7,11,11,6,6,15,13,16,18
,,Sequelae of external causes of morbidity and mortality  [Y85-Y89],4,7,10,15,9,19,23,10,25,19,20,19,25,30,23,28,23,25,17,20,21,26,24,30,29
,Males,"Total, all causes of death  [A00-Y89]","5,770","5,821","6,144","6,283","6,484","6,687","6,669","6,856","6,907","6,835","6,956","6,985","7,202","7,321","7,417","7,470","7,572","7,582","7,663","7,599","8,236","8,417","8,136","7,724","7,015"
,,Chapter XX: External causes of morbidity and mortality  [V01-Y89],452,460,566,518,554,583,652,642,697,724,745,780,864,844,880,965,992,"1,047","1,172","1,103","1,311","1,272","1,296","1,207","1,097"
,,Transport accidents  [V01-V99],111,94,133,99,129,122,132,136,146,131,137,123,134,126,121,167,139,125,125,138,128,104,137,111,97
,,Other external causes of accidental injury  [W00-X59],145,124,175,140,160,179,215,220,233,227,242,261,290,316,329,340,413,500,607,529,750,820,799,724,645
,,Intentional self-harm  [X60-X84],167,195,208,231,206,222,255,227,235,291,276,301,332,320,350,365,368,352,378,378,366,268,282,309,276
,,Assault  [X85-Y09],7,11,17,10,18,19,13,20,13,17,27,29,24,14,23,25,24,18,18,21,23,20,19,13,17
,,Event of undetermined intent  [Y10-Y34],18,21,20,23,30,22,20,27,40,36,44,50,60,42,41,43,22,27,20,15,26,31,33,22,26
,,Legal intervention and operations of war  [Y35-Y36],0,0,0,0,0,1,0,0,1,2,0,1,0,0,0,0,2,1,0,0,1,0,1,1,2
,,Complications of medical and surgical care  [Y40-Y84],2,10,6,4,3,3,1,5,7,4,7,4,8,0,0,2,5,6,9,4,3,11,8,6,13
,,Sequelae of external causes of morbidity and mortality  [Y85-Y89],2,5,7,11,8,15,16,7,22,16,12,11,16,26,16,23,19,18,15,18,14,18,17,21,21
,Females,"Total, all causes of death  [A00-Y89]","3,582","3,594","3,922","3,926","4,141","4,223","4,214","4,349","4,435","4,366","4,389","4,533","4,741","4,750","4,887","4,925","4,970","5,040","4,969","4,848","5,133","5,072","4,899","4,603","4,205"
,,Chapter XX: External causes of morbidity and mortality  [V01-Y89],172,182,197,185,204,232,265,259,272,291,263,267,333,351,360,345,350,390,374,386,392,428,400,369,344
,,Transport accidents  [V01-V99],45,36,54,45,45,53,60,64,47,48,28,41,35,49,47,35,43,51,36,37,41,35,32,24,21
,,Other external causes of accidental injury  [W00-X59],56,63,49,48,54,65,82,87,95,108,78,84,144,129,140,139,172,187,201,210,213,274,238,228,219
,,Intentional self-harm  [X60-X84],50,64,64,61,69,72,75,83,102,87,110,107,104,119,120,126,111,116,117,118,95,88,96,87,71
,,Assault  [X85-Y09],3,7,6,5,8,8,6,1,4,10,3,9,11,10,8,12,5,11,9,5,10,5,8,3,12
,,Event of undetermined intent  [Y10-Y34],10,9,15,18,23,26,32,19,18,30,32,15,28,37,35,20,13,13,7,12,23,14,14,8,8
,,Legal intervention and operations of war  [Y35-Y36],0,0,0,0,0,0,0,0,0,0,0,0,0,0,0,0,0,0,0,0,0,0,0,0,0
,,Complications of medical and surgical care  [Y40-Y84],6,1,6,4,4,4,3,2,3,5,4,3,2,3,3,8,2,5,2,2,3,4,5,10,5
,,Sequelae of external causes of morbidity and mortality  [Y85-Y89],2,2,3,4,1,4,7,3,3,3,8,8,9,4,7,5,4,7,2,2,7,8,7,9,8
60 to 64 years,Both sexes,"Total, all causes of death  [A00-Y89]","12,230","12,121","12,563","12,944","13,154","13,296","13,401","14,084","14,615","14,803","15,087","15,330","15,467","15,685","16,257","16,739","17,005","17,428","17,901","17,593","19,031","19,663","20,574","19,617","19,238"
,,Chapter XX: External causes of morbidity and mortality  [V01-Y89],471,487,535,580,592,631,627,661,766,769,839,800,839,956,951,991,"1,098","1,217","1,279","1,294","1,337","1,520","1,569","1,435","1,480"
,,Transport accidents  [V01-V99],118,129,136,121,137,174,142,147,163,134,150,130,136,142,133,149,167,167,189,153,149,149,168,139,161
,,Other external causes of accidental injury  [W00-X59],150,162,169,202,215,207,205,234,295,294,323,319,306,396,398,393,489,591,632,627,763,925,910,871,855
,,Intentional self-harm  [X60-X84],154,155,176,190,174,168,211,205,224,245,271,254,285,305,316,363,357,369,370,414,335,342,388,331,350
,,Assault  [X85-Y09],14,8,14,18,21,21,15,19,14,20,14,15,17,18,21,23,15,24,24,34,25,28,22,15,20
,,Event of undetermined intent  [Y10-Y34],18,19,25,30,25,29,25,23,43,38,48,54,48,60,56,35,24,26,26,31,23,29,31,23,33
,,Legal intervention and operations of war  [Y35-Y36],0,0,0,0,1,1,0,2,0,1,0,1,0,0,0,0,1,1,0,0,3,0,1,0,0
,,Complications of medical and surgical care  [Y40-Y84],5,5,10,10,10,17,10,11,9,11,7,12,10,11,7,6,13,6,13,11,13,17,18,21,21
,,Sequelae of external causes of morbidity and mortality  [Y85-Y89],12,9,5,9,9,14,19,20,18,26,26,15,37,24,20,22,32,33,25,24,26,30,31,35,40
,Males,"Total, all causes of death  [A00-Y89]","7,621","7,582","7,686","7,877","8,080","8,063","8,218","8,608","8,950","8,876","9,186","9,425","9,382","9,626","9,828","10,029","10,284","10,472","10,937","10,699","11,575","12,091","12,506","12,001","11,694"
,,Chapter XX: External causes of morbidity and mortality  [V01-Y89],340,342,363,428,436,448,456,487,517,538,576,557,575,694,660,733,778,863,939,955,"1,005","1,150","1,194","1,080","1,093"
,,Transport accidents  [V01-V99],80,86,89,84,107,114,93,110,117,103,107,97,96,107,101,115,132,122,143,108,118,118,130,114,121
,,Other external causes of accidental injury  [W00-X59],101,111,114,147,159,148,146,170,197,202,209,213,198,267,270,265,341,416,462,461,571,701,691,652,619
,,Intentional self-harm  [X60-X84],123,117,128,155,126,130,176,153,149,182,202,189,215,240,226,289,252,265,278,317,258,257,306,245,275
,,Assault  [X85-Y09],10,8,12,15,16,15,14,15,8,11,9,9,12,11,10,19,8,18,16,25,16,18,15,11,11
,,Event of undetermined intent  [Y10-Y34],15,8,11,17,15,19,10,18,26,17,26,30,25,44,34,22,15,15,12,20,11,21,15,15,21
,,Legal intervention and operations of war  [Y35-Y36],0,0,0,0,1,1,0,2,0,1,0,1,0,0,0,0,1,1,0,0,3,0,1,0,0
,,Complications of medical and surgical care  [Y40-Y84],2,4,4,3,4,10,3,4,6,3,3,6,3,5,2,5,5,2,9,5,6,9,11,14,15
,,Sequelae of external causes of morbidity and mortality  [Y85-Y89],9,8,5,7,8,11,14,15,14,19,20,12,26,20,17,18,24,24,19,19,22,26,25,29,31
,Females,"Total, all causes of death  [A00-Y89]","4,609","4,539","4,877","5,067","5,074","5,233","5,183","5,476","5,665","5,927","5,901","5,905","6,085","6,059","6,429","6,710","6,721","6,956","6,964","6,894","7,456","7,572","8,068","7,616","7,544"
,,Chapter XX: External causes of morbidity and mortality  [V01-Y89],131,145,172,152,156,183,171,174,249,231,263,243,264,262,291,258,320,354,340,339,332,370,375,355,387
,,Transport accidents  [V01-V99],38,43,47,37,30,60,49,37,46,31,43,33,40,35,32,34,35,45,46,45,31,31,38,25,40
,,Other external causes of accidental injury  [W00-X59],49,51,55,55,56,59,59,64,98,92,114,106,108,129,128,128,148,175,170,166,192,224,219,219,236
,,Intentional self-harm  [X60-X84],31,38,48,35,48,38,35,52,75,63,69,65,70,65,90,74,105,104,92,97,77,85,82,86,75
,,Assault  [X85-Y09],4,0,2,3,5,6,1,4,6,9,5,6,5,7,11,4,7,6,8,9,9,10,7,4,9
,,Event of undetermined intent  [Y10-Y34],3,11,14,13,10,10,15,5,17,21,22,24,23,16,22,13,9,11,14,11,12,8,16,8,12
,,Legal intervention and operations of war  [Y35-Y36],0,0,0,0,0,0,0,0,0,0,0,0,0,0,0,0,0,0,0,0,0,0,0,0,0
,,Complications of medical and surgical care  [Y40-Y84],3,1,6,7,6,7,7,7,3,8,4,6,7,6,5,1,8,4,4,6,7,8,7,7,6
,,Sequelae of external causes of morbidity and mortality  [Y85-Y89],3,1,0,2,1,3,5,5,4,7,6,3,11,4,3,4,8,9,6,5,4,4,6,6,9
65 to 69 years,Both sexes,"Total, all causes of death  [A00-Y89]","17,890","17,474","17,276","16,657","16,514","16,423","16,318","17,053","17,287","17,568","17,674","18,233","19,117","19,910","20,639","21,509","22,417","22,142","22,746","22,778","24,402","25,669","27,354","26,692","26,652"
,,Chapter XX: External causes of morbidity and mortality  [V01-Y89],516,475,528,548,499,547,567,555,602,551,619,646,706,770,800,835,920,891,985,"1,020","1,077","1,177","1,303","1,214","1,329"
,,Transport accidents  [V01-V99],131,130,115,120,122,130,118,129,120,85,114,122,119,113,125,126,141,115,122,159,116,129,129,116,134
,,Other external causes of accidental injury  [W00-X59],210,195,234,228,198,220,249,258,267,268,285,302,329,373,380,405,446,490,559,533,654,724,778,761,798
,,Intentional self-harm  [X60-X84],126,105,124,142,121,137,150,118,145,139,154,155,177,197,213,237,263,238,241,253,227,234,264,224,247
,,Assault  [X85-Y09],11,9,12,10,18,11,7,6,4,11,13,9,15,12,14,13,11,13,11,11,10,9,22,11,19
,,Event of undetermined intent  [Y10-Y34],17,17,12,23,18,25,14,8,23,22,30,24,33,36,27,20,16,17,11,14,20,18,25,25,26
,,Legal intervention and operations of war  [Y35-Y36],0,0,0,0,0,0,0,0,0,0,1,0,0,0,0,0,0,0,0,0,0,0,1,0,1
,,Complications of medical and surgical care  [Y40-Y84],11,13,24,14,11,14,18,16,18,14,11,14,15,10,20,12,14,4,18,20,15,23,31,31,42
,,Sequelae of external causes of morbidity and mortality  [Y85-Y89],10,6,7,11,11,10,11,20,25,12,11,20,18,29,21,22,29,14,23,30,35,40,53,46,62
,Males,"Total, all causes of death  [A00-Y89]","11,101","10,626","10,591","10,069","9,973","9,959","9,746","10,253","10,355","10,727","10,507","10,877","11,371","11,885","12,452","12,798","13,404","13,206","13,606","13,630","14,747","15,517","16,346","15,888","16,051"
,,Chapter XX: External causes of morbidity and mortality  [V01-Y89],370,333,373,372,315,386,380,383,423,384,416,430,478,529,542,579,635,586,683,698,746,860,901,870,948
,,Transport accidents  [V01-V99],88,89,75,68,72,90,79,88,84,57,81,81,79,78,91,80,89,79,79,111,81,99,84,81,95
,,Other external causes of accidental injury  [W00-X59],150,138,158,164,123,149,158,171,175,176,179,188,216,236,239,270,294,296,382,344,423,512,522,544,557
,,Intentional self-harm  [X60-X84],93,72,102,109,82,104,107,89,114,113,118,122,134,157,159,183,205,180,180,194,184,183,207,174,191
,,Assault  [X85-Y09],10,6,8,6,13,8,5,5,4,6,10,5,10,8,12,9,7,8,8,5,7,5,16,5,15
,,Event of undetermined intent  [Y10-Y34],12,11,7,14,10,16,8,3,14,15,10,14,20,17,15,12,11,8,8,9,10,12,14,16,20
,,Legal intervention and operations of war  [Y35-Y36],0,0,0,0,0,0,0,0,0,0,1,0,0,0,0,0,0,0,0,0,0,0,1,0,1
,,Complications of medical and surgical care  [Y40-Y84],9,11,17,5,6,9,13,11,12,6,8,5,6,6,9,5,7,2,10,10,10,16,17,15,25
,,Sequelae of external causes of morbidity and mortality  [Y85-Y89],8,6,6,6,9,10,10,16,20,11,9,15,13,27,17,20,22,13,16,25,31,33,40,35,44
,Females,"Total, all causes of death  [A00-Y89]","6,789","6,848","6,685","6,588","6,541","6,464","6,572","6,800","6,932","6,841","7,167","7,356","7,746","8,025","8,187","8,711","9,013","8,936","9,140","9,148","9,655","10,152","11,008","10,804","10,601"
,,Chapter XX: External causes of morbidity and mortality  [V01-Y89],146,142,155,176,184,161,187,172,179,167,203,216,228,241,258,256,285,305,302,322,331,317,402,344,381
,,Transport accidents  [V01-V99],43,41,40,52,50,40,39,41,36,28,33,41,40,35,34,46,52,36,43,48,35,30,45,35,39
,,Other external causes of accidental injury  [W00-X59],60,57,76,64,75,71,91,87,92,92,106,114,113,137,141,135,152,194,177,189,231,212,256,217,241
,,Intentional self-harm  [X60-X84],33,33,22,33,39,33,43,29,31,26,36,33,43,40,54,54,58,58,61,59,43,51,57,50,56
,,Assault  [X85-Y09],1,3,4,4,5,3,2,1,0,5,3,4,5,4,2,4,4,5,3,6,3,4,6,6,4
,,Event of undetermined intent  [Y10-Y34],5,6,5,9,8,9,6,5,9,7,20,10,13,19,12,8,5,9,3,5,10,6,11,9,6
,,Legal intervention and operations of war  [Y35-Y36],0,0,0,0,0,0,0,0,0,0,0,0,0,0,0,0,0,0,0,0,0,0,0,0,0
,,Complications of medical and surgical care  [Y40-Y84],2,2,7,9,5,5,5,5,6,8,3,9,9,4,11,7,7,2,8,10,5,7,14,16,17
,,Sequelae of external causes of morbidity and mortality  [Y85-Y89],2,0,1,5,2,0,1,4,5,1,2,5,5,2,4,2,7,1,7,5,4,7,13,11,18
70 to 74 years,Both sexes,"Total, all causes of death  [A00-Y89]","25,437","24,969","24,686","24,651","23,781","23,458","22,297","22,480","22,201","21,500","21,412","21,966","22,149","23,173","24,088","24,707","25,463","27,592","28,214","29,314","31,241","33,086","34,589","33,248","33,519"
,,Chapter XX: External causes of morbidity and mortality  [V01-Y89],558,588,601,580,598,615,581,610,592,597,663,721,656,705,738,749,804,849,922,"1,000","1,024","1,174","1,253","1,172","1,230"
,,Transport accidents  [V01-V99],112,122,127,128,132,112,112,110,111,99,123,111,107,105,128,104,119,97,116,123,104,104,120,123,101
,,Other external causes of accidental injury  [W00-X59],294,289,289,295,302,333,309,336,310,318,368,413,356,423,429,431,487,541,566,612,652,840,835,783,823
,,Intentional self-harm  [X60-X84],101,126,119,106,108,99,104,103,112,124,119,132,135,131,138,148,137,150,181,188,182,155,183,162,188
,,Assault  [X85-Y09],12,7,13,8,8,19,5,11,10,5,6,18,6,9,8,10,12,14,13,8,16,8,10,8,11
,,Event of undetermined intent  [Y10-Y34],14,10,18,16,15,13,11,12,10,12,17,11,17,11,16,10,11,10,4,13,16,9,18,14,15
,,Legal intervention and operations of war  [Y35-Y36],0,0,0,0,0,0,0,0,0,0,1,0,0,1,0,0,0,1,0,0,1,1,2,0,0
,,Complications of medical and surgical care  [Y40-Y84],11,19,22,22,21,21,23,23,22,20,13,18,16,12,3,17,17,19,19,23,22,20,40,37,53
,,Sequelae of external causes of morbidity and mortality  [Y85-Y89],14,15,13,5,12,18,17,15,17,19,16,18,19,13,16,29,21,17,23,33,31,37,45,45,39
,Males,"Total, all causes of death  [A00-Y89]","15,087","14,766","14,636","14,748","14,068","13,777","13,041","13,139","13,007","12,453","12,389","12,776","12,942","13,497","14,055","14,250","14,668","16,055","16,322","17,130","18,249","19,423","20,344","19,329","19,581"
,,Chapter XX: External causes of morbidity and mortality  [V01-Y89],350,387,384,374,385,383,349,377,388,403,434,487,427,451,488,473,499,578,571,641,659,786,810,767,814
,,Transport accidents  [V01-V99],58,72,77,85,88,67,62,70,70,63,83,70,66,70,74,68,78,68,79,72,80,75,84,73,75
,,Other external causes of accidental injury  [W00-X59],183,186,174,170,183,190,184,194,185,203,224,264,215,251,278,246,288,347,322,368,393,545,507,499,508
,,Intentional self-harm  [X60-X84],78,100,102,87,83,83,69,76,88,106,98,112,109,101,109,117,93,129,134,151,132,118,148,128,154
,,Assault  [X85-Y09],7,3,7,5,2,9,4,4,9,4,3,12,3,4,6,6,7,5,8,5,10,5,7,5,7
,,Event of undetermined intent  [Y10-Y34],9,6,8,10,8,8,5,8,9,5,9,4,10,6,6,6,6,6,3,6,9,6,11,10,7
,,Legal intervention and operations of war  [Y35-Y36],0,0,0,0,0,0,0,0,0,0,1,0,0,1,0,0,0,1,0,0,1,1,2,0,0
,,Complications of medical and surgical care  [Y40-Y84],6,9,8,13,11,11,9,14,13,9,5,8,9,9,1,8,11,9,11,15,13,12,20,15,32
,,Sequelae of external causes of morbidity and mortality  [Y85-Y89],9,11,8,4,10,15,16,11,14,13,11,17,15,9,14,22,16,13,14,24,21,24,31,37,31
,Females,"Total, all causes of death  [A00-Y89]","10,350","10,203","10,050","9,903","9,713","9,681","9,256","9,341","9,194","9,047","9,023","9,190","9,207","9,676","10,033","10,457","10,795","11,537","11,892","12,184","12,992","13,663","14,245","13,919","13,938"
,,Chapter XX: External causes of morbidity and mortality  [V01-Y89],208,201,217,206,213,232,232,233,204,194,229,234,229,254,250,276,305,271,351,359,365,388,443,405,416
,,Transport accidents  [V01-V99],54,50,50,43,44,45,50,40,41,36,40,41,41,35,54,36,41,29,37,51,24,29,36,50,26
,,Other external causes of accidental injury  [W00-X59],111,103,115,125,119,143,125,142,125,115,144,149,141,172,151,185,199,194,244,244,259,295,328,284,315
,,Intentional self-harm  [X60-X84],23,26,17,19,25,16,35,27,24,18,21,20,26,30,29,31,44,21,47,37,50,37,35,34,34
,,Assault  [X85-Y09],5,4,6,3,6,10,1,7,1,1,3,6,3,5,2,4,5,9,5,3,6,3,3,3,4
,,Event of undetermined intent  [Y10-Y34],5,4,10,6,7,5,6,4,1,7,8,7,7,5,10,4,5,4,1,7,7,3,7,4,8
,,Legal intervention and operations of war  [Y35-Y36],0,0,0,0,0,0,0,0,0,0,0,0,0,0,0,0,0,0,0,0,0,0,0,0,0
,,Complications of medical and surgical care  [Y40-Y84],5,10,14,9,10,10,14,9,9,11,8,10,7,3,2,9,6,10,8,8,9,8,20,22,21
,,Sequelae of external causes of morbidity and mortality  [Y85-Y89],5,4,5,1,2,3,1,4,3,6,5,1,4,4,2,7,5,4,9,9,10,13,14,8,8
75 to 79 years,Both sexes,"Total, all causes of death  [A00-Y89]","32,926","32,426","32,685","32,511","31,864","31,723","30,992","31,128","30,748","30,202","29,429","29,003","28,229","28,513","28,857","29,282","29,905","30,798","32,296","32,617","35,519","37,361","41,725","41,544","42,582"
,,Chapter XX: External causes of morbidity and mortality  [V01-Y89],730,724,737,802,731,808,850,838,843,857,865,867,805,829,898,926,939,935,"1,099","1,080","1,187","1,251","1,484","1,426","1,558"
,,Transport accidents  [V01-V99],161,120,129,107,130,125,137,102,99,120,108,109,113,108,112,108,95,93,118,118,101,82,119,91,115
,,Other external causes of accidental injury  [W00-X59],414,451,457,537,453,509,517,567,564,603,595,603,557,571,620,629,658,664,780,796,884,971,"1,126","1,126","1,198"
,,Intentional self-harm  [X60-X84],95,92,85,85,89,113,115,104,101,84,104,107,88,103,115,129,135,115,139,111,134,109,135,108,138
,,Assault  [X85-Y09],9,11,6,4,9,11,8,12,12,7,5,5,10,5,4,8,5,14,8,11,9,6,8,2,11
,,Event of undetermined intent  [Y10-Y34],14,11,13,11,7,6,14,16,12,7,8,5,5,7,5,7,6,11,5,12,13,15,10,17,10
,,Legal intervention and operations of war  [Y35-Y36],0,0,0,0,0,0,0,0,0,0,0,0,0,0,0,0,0,0,0,0,0,0,0,0,0
,,Complications of medical and surgical care  [Y40-Y84],28,29,32,39,28,28,40,26,28,27,24,22,18,18,24,15,17,20,19,14,20,38,51,45,43
,,Sequelae of external causes of morbidity and mortality  [Y85-Y89],9,10,15,19,15,16,19,11,27,9,21,16,14,17,18,30,23,18,30,18,26,30,35,37,43
,Males,"Total, all causes of death  [A00-Y89]","17,961","17,743","17,760","17,880","17,579","17,414","17,118","17,528","17,072","17,058","16,394","16,154","15,922","15,807","16,268","16,356","16,613","17,205","18,133","18,251","20,033","21,084","23,603","23,122","23,713"
,,Chapter XX: External causes of morbidity and mortality  [V01-Y89],428,401,431,449,421,476,492,510,513,532,491,517,506,488,536,557,566,570,672,676,715,710,850,838,942
,,Transport accidents  [V01-V99],87,67,76,63,75,73,82,68,62,84,62,73,73,58,69,72,56,60,81,77,68,54,78,54,82
,,Other external causes of accidental injury  [W00-X59],230,231,242,279,243,280,275,321,315,346,317,333,332,317,342,355,375,386,436,474,497,515,605,634,687
,,Intentional self-harm  [X60-X84],79,71,74,69,71,86,93,83,90,70,80,84,69,83,95,91,103,89,116,90,107,81,103,80,105
,,Assault  [X85-Y09],6,7,2,2,5,5,5,6,7,5,1,3,6,3,1,6,4,7,5,5,7,6,6,2,7
,,Event of undetermined intent  [Y10-Y34],7,5,8,4,5,5,7,10,8,6,3,4,3,3,3,2,3,3,4,10,6,9,4,9,5
,,Legal intervention and operations of war  [Y35-Y36],0,0,0,0,0,0,0,0,0,0,0,0,0,0,0,0,0,0,0,0,0,0,0,0,0
,,Complications of medical and surgical care  [Y40-Y84],12,16,16,19,14,14,17,18,11,14,13,13,11,10,11,8,7,14,12,6,11,24,32,33,27
,,Sequelae of external causes of morbidity and mortality  [Y85-Y89],7,4,13,13,8,13,13,4,20,7,15,7,12,14,15,23,18,11,18,14,19,21,22,26,29
,Females,"Total, all causes of death  [A00-Y89]","14,965","14,683","14,925","14,631","14,285","14,309","13,874","13,600","13,676","13,144","13,035","12,849","12,307","12,706","12,589","12,926","13,292","13,593","14,163","14,366","15,486","16,277","18,122","18,422","18,869"
,,Chapter XX: External causes of morbidity and mortality  [V01-Y89],302,323,306,353,310,332,358,328,330,325,374,350,299,341,362,369,373,365,427,404,472,541,634,588,616
,,Transport accidents  [V01-V99],74,53,53,44,55,52,55,34,37,36,46,36,40,50,43,36,39,33,37,41,33,28,41,37,33
,,Other external causes of accidental injury  [W00-X59],184,220,215,258,210,229,242,246,249,257,278,270,225,254,278,274,283,278,344,322,387,456,521,492,511
,,Intentional self-harm  [X60-X84],16,21,11,16,18,27,22,21,11,14,24,23,19,20,20,38,32,26,23,21,27,28,32,28,33
,,Assault  [X85-Y09],3,4,4,2,4,6,3,6,5,2,4,2,4,2,3,2,1,7,3,6,2,0,2,0,4
,,Event of undetermined intent  [Y10-Y34],7,6,5,7,2,1,7,6,4,1,5,1,2,4,2,5,3,8,1,2,7,6,6,8,5
,,Legal intervention and operations of war  [Y35-Y36],0,0,0,0,0,0,0,0,0,0,0,0,0,0,0,0,0,0,0,0,0,0,0,0,0
,,Complications of medical and surgical care  [Y40-Y84],16,13,16,20,14,14,23,8,17,13,11,9,7,8,13,7,10,6,7,8,9,14,19,12,16
,,Sequelae of external causes of morbidity and mortality  [Y85-Y89],2,6,2,6,7,3,6,7,7,2,6,9,2,3,3,7,5,7,12,4,7,9,13,11,14
80 to 84 years,Both sexes,"Total, all causes of death  [A00-Y89]","33,631","34,666","35,977","37,059","37,989","38,480","37,655","38,219","38,486","38,325","38,007","37,985","38,312","38,255","38,579","38,873","37,598","38,291","38,896","38,833","41,539","41,680","46,106","45,244","46,119"
,,Chapter XX: External causes of morbidity and mortality  [V01-Y89],823,774,901,906,"1,018","1,071","1,062","1,092","1,111","1,172","1,250","1,329","1,271","1,319","1,340","1,324","1,320","1,278","1,361","1,481","1,486","1,646","1,865","1,874","2,001"
,,Transport accidents  [V01-V99],108,101,122,115,107,137,109,120,91,111,97,104,79,103,82,104,105,79,97,80,67,80,93,89,80
,,Other external causes of accidental injury  [W00-X59],607,593,653,693,785,798,827,837,885,929,"1,019","1,072","1,074","1,069","1,116","1,048","1,048","1,058","1,117","1,258","1,281","1,421","1,594","1,616","1,705"
,,Intentional self-harm  [X60-X84],47,36,58,53,63,66,63,76,67,73,77,80,71,94,93,100,90,91,80,91,82,73,102,66,93
,,Assault  [X85-Y09],8,1,6,9,9,2,4,4,6,6,6,12,4,11,5,11,12,4,6,7,3,4,7,4,8
,,Event of undetermined intent  [Y10-Y34],9,5,5,9,13,6,6,8,8,4,4,8,6,6,6,6,3,4,8,12,10,8,5,5,16
,,Legal intervention and operations of war  [Y35-Y36],0,0,0,0,0,0,0,0,0,0,0,0,0,0,0,0,0,0,0,0,0,0,0,0,0
,,Complications of medical and surgical care  [Y40-Y84],31,28,43,20,29,48,42,32,32,33,27,33,21,18,19,28,26,14,31,18,15,24,32,43,51
,,Sequelae of external causes of morbidity and mortality  [Y85-Y89],13,10,14,7,12,14,11,15,22,16,20,20,16,18,19,27,36,28,22,15,28,36,32,51,48
,Males,"Total, all causes of death  [A00-Y89]","16,346","16,848","17,333","18,050","18,460","18,730","18,575","18,938","19,419","19,307","19,424","19,410","19,812","19,694","20,116","20,202","19,695","20,252","20,379","20,476","22,067","22,305","24,479","23,989","24,504"
,,Chapter XX: External causes of morbidity and mortality  [V01-Y89],405,384,462,470,490,556,536,557,587,583,670,687,613,691,706,732,733,711,730,774,813,882,"1,002",937,"1,067"
,,Transport accidents  [V01-V99],67,59,73,68,55,89,64,82,66,72,64,65,45,64,55,61,53,45,64,46,45,56,63,52,51
,,Other external causes of accidental injury  [W00-X59],265,276,315,333,356,380,394,384,423,429,507,526,487,519,551,540,559,567,562,633,671,715,818,781,871
,,Intentional self-harm  [X60-X84],38,27,46,44,48,47,47,61,58,54,71,63,62,74,79,86,76,71,68,70,62,60,77,48,79
,,Assault  [X85-Y09],4,1,0,5,3,1,2,1,4,1,4,5,2,7,0,5,6,2,2,2,3,2,4,1,4
,,Event of undetermined intent  [Y10-Y34],4,4,1,6,8,3,3,4,5,4,1,1,2,3,3,1,2,2,6,6,5,7,1,3,7
,,Legal intervention and operations of war  [Y35-Y36],0,0,0,0,0,0,0,0,0,0,0,0,0,0,0,0,0,0,0,0,0,0,0,0,0
,,Complications of medical and surgical care  [Y40-Y84],19,10,19,10,11,27,22,17,17,17,11,15,7,9,4,21,12,6,14,8,11,15,18,28,30
,,Sequelae of external causes of morbidity and mortality  [Y85-Y89],8,7,8,4,9,9,4,8,14,6,12,12,8,15,14,18,25,18,14,9,16,27,21,24,25
,Females,"Total, all causes of death  [A00-Y89]","17,285","17,818","18,644","19,009","19,529","19,750","19,080","19,281","19,067","19,018","18,583","18,575","18,500","18,561","18,463","18,671","17,903","18,039","18,517","18,357","19,472","19,375","21,627","21,255","21,615"
,,Chapter XX: External causes of morbidity and mortality  [V01-Y89],418,390,439,436,528,515,526,535,524,589,580,642,658,628,634,592,587,567,631,707,673,764,863,937,934
,,Transport accidents  [V01-V99],41,42,49,47,52,48,45,38,25,39,33,39,34,39,27,43,52,34,33,34,22,24,30,37,29
,,Other external causes of accidental injury  [W00-X59],342,317,338,360,429,418,433,453,462,500,512,546,587,550,565,508,489,491,555,625,610,706,776,835,834
,,Intentional self-harm  [X60-X84],9,9,12,9,15,19,16,15,9,19,6,17,9,20,14,14,14,20,12,21,20,13,25,18,14
,,Assault  [X85-Y09],4,0,6,4,6,1,2,3,2,5,2,7,2,4,5,6,6,2,4,5,0,2,3,3,4
,,Event of undetermined intent  [Y10-Y34],5,1,4,3,5,3,3,4,3,0,3,7,4,3,3,5,1,2,2,6,5,1,4,2,9
,,Legal intervention and operations of war  [Y35-Y36],0,0,0,0,0,0,0,0,0,0,0,0,0,0,0,0,0,0,0,0,0,0,0,0,0
,,Complications of medical and surgical care  [Y40-Y84],12,18,24,10,18,21,20,15,15,16,16,18,14,9,15,7,14,8,17,10,4,9,14,15,21
,,Sequelae of external causes of morbidity and mortality  [Y85-Y89],5,3,6,3,3,5,7,7,8,10,8,8,8,3,5,9,11,10,8,6,12,9,11,27,23
85 to 89 years,Both sexes,"Total, all causes of death  [A00-Y89]","31,649","32,219","33,050","33,411","33,017","34,321","34,557","37,198","38,951","39,654","40,251","41,073","41,143","41,697","42,795","43,520","43,229","45,119","46,307","45,559","48,369","46,849","51,009","48,352","48,531"
,,Chapter XX: External causes of morbidity and mortality  [V01-Y89],862,863,979,"1,031",992,999,"1,077","1,148","1,235","1,404","1,503","1,504","1,531","1,601","1,635","1,596","1,665","1,731","1,866","1,992","2,047","2,178","2,292","2,336","2,459"
,,Transport accidents  [V01-V99],59,52,72,49,57,64,48,61,74,65,62,71,74,76,43,71,76,69,76,57,45,63,54,64,62
,,Other external causes of accidental injury  [W00-X59],741,751,832,902,858,863,944,997,"1,061","1,232","1,333","1,328","1,352","1,416","1,487","1,428","1,493","1,560","1,694","1,820","1,866","2,012","2,123","2,142","2,258"
,,Intentional self-harm  [X60-X84],22,30,37,34,36,30,41,42,42,54,51,52,50,70,54,57,55,59,56,67,65,52,48,40,53
,,Assault  [X85-Y09],4,1,1,1,4,4,5,3,3,5,5,6,7,4,5,3,4,6,3,3,8,4,11,6,4
,,Event of undetermined intent  [Y10-Y34],3,2,3,3,5,4,4,8,6,3,7,6,4,4,9,7,8,3,7,4,7,5,3,9,7
,,Legal intervention and operations of war  [Y35-Y36],0,0,0,0,0,0,0,0,0,0,0,0,0,0,0,0,0,0,0,0,0,0,0,0,0
,,Complications of medical and surgical care  [Y40-Y84],20,18,27,25,19,20,25,27,28,32,22,26,25,21,20,17,18,9,14,24,23,19,26,36,43
,,Sequelae of external causes of morbidity and mortality  [Y85-Y89],13,9,7,17,13,14,10,10,21,13,23,15,19,10,17,13,11,25,16,17,33,23,27,39,32
,Males,"Total, all causes of death  [A00-Y89]","12,751","13,038","13,458","13,683","13,405","14,110","14,382","15,374","16,300","16,856","17,235","17,758","17,918","18,598","19,162","20,014","20,114","21,358","21,833","21,900","23,313","22,650","24,809","23,360","23,324"
,,Chapter XX: External causes of morbidity and mortality  [V01-Y89],333,349,395,405,403,416,460,483,514,607,679,682,700,750,717,740,742,821,909,959,966,"1,034","1,076","1,076","1,166"
,,Transport accidents  [V01-V99],36,30,40,23,38,32,30,35,41,32,37,43,44,41,23,41,44,38,44,29,25,37,26,41,41
,,Other external causes of accidental injury  [W00-X59],258,282,308,343,317,339,374,398,409,504,578,575,586,630,627,629,640,716,801,850,855,932,971,953,"1,048"
,,Intentional self-harm  [X60-X84],20,26,31,22,27,22,36,30,28,44,37,37,39,56,41,46,42,46,46,60,50,38,43,30,36
,,Assault  [X85-Y09],2,0,1,1,2,0,1,2,2,5,2,3,3,3,2,2,2,5,2,0,4,3,3,2,0
,,Event of undetermined intent  [Y10-Y34],3,0,1,0,2,4,2,4,3,2,4,2,3,3,5,4,1,1,4,4,6,3,1,7,5
,,Legal intervention and operations of war  [Y35-Y36],0,0,0,0,0,0,0,0,0,0,0,0,0,0,0,0,0,0,0,0,0,0,0,0,0
,,Complications of medical and surgical care  [Y40-Y84],10,7,12,10,12,11,10,10,14,15,13,12,14,12,11,9,9,4,6,8,12,12,15,25,26
,,Sequelae of external causes of morbidity and mortality  [Y85-Y89],4,4,2,6,5,8,7,4,17,5,8,10,11,5,8,9,4,11,6,8,14,9,17,18,10
,Females,"Total, all causes of death  [A00-Y89]","18,898","19,181","19,592","19,728","19,612","20,211","20,175","21,824","22,651","22,798","23,016","23,315","23,225","23,099","23,633","23,506","23,115","23,761","24,474","23,659","25,056","24,199","26,200","24,992","25,207"
,,Chapter XX: External causes of morbidity and mortality  [V01-Y89],529,514,584,626,589,583,617,665,721,797,824,822,831,851,918,856,923,910,957,"1,033","1,081","1,144","1,216","1,260","1,293"
,,Transport accidents  [V01-V99],23,22,32,26,19,32,18,26,33,33,25,28,30,35,20,30,32,31,32,28,20,26,28,23,21
,,Other external causes of accidental injury  [W00-X59],483,469,524,559,541,524,570,599,652,728,755,753,766,786,860,799,853,844,893,970,"1,011","1,080","1,152","1,189","1,210"
,,Intentional self-harm  [X60-X84],2,4,6,12,9,8,5,12,14,10,14,15,11,14,13,11,13,13,10,7,15,14,5,10,17
,,Assault  [X85-Y09],2,1,0,0,2,4,4,1,1,0,3,3,4,1,3,1,2,1,1,3,4,1,8,4,4
,,Event of undetermined intent  [Y10-Y34],0,2,2,3,3,0,2,4,3,1,3,4,1,1,4,3,7,2,3,0,1,2,2,2,2
,,Legal intervention and operations of war  [Y35-Y36],0,0,0,0,0,0,0,0,0,0,0,0,0,0,0,0,0,0,0,0,0,0,0,0,0
,,Complications of medical and surgical care  [Y40-Y84],10,11,15,15,7,9,15,17,14,17,9,14,11,9,9,8,9,5,8,16,11,7,11,11,17
,,Sequelae of external causes of morbidity and mortality  [Y85-Y89],9,5,5,11,8,6,3,6,4,8,15,5,8,5,9,4,7,14,10,9,19,14,10,21,22
90 years and over,Both sexes,"Total, all causes of death  [A00-Y89]","28,023","29,122","30,423","31,539","32,849","34,174","34,937","36,603","37,722","38,214","40,767","42,750","44,893","47,938","50,231","52,468","53,677","58,203","60,570","61,263","66,711","64,651","73,038","69,424","69,464"
,,Chapter XX: External causes of morbidity and mortality  [V01-Y89],950,979,"1,078","1,177","1,151","1,179","1,294","1,275","1,451","1,512","1,741","1,811","2,028","2,057","2,141","2,178","2,312","2,519","2,779","3,081","3,262","3,503","3,931","3,908","4,035"
,,Transport accidents  [V01-V99],13,16,22,22,27,19,22,18,26,26,32,30,24,34,26,39,39,28,41,40,26,24,39,44,46
,,Other external causes of accidental injury  [W00-X59],893,919,"1,000","1,079","1,074","1,106","1,212","1,195","1,357","1,423","1,641","1,738","1,947","1,952","2,051","2,077","2,192","2,399","2,657","2,945","3,116","3,366","3,790","3,696","3,832"
,,Intentional self-harm  [X60-X84],13,11,16,23,11,13,20,14,22,19,19,12,18,27,32,27,33,43,36,31,40,28,33,35,34
,,Assault  [X85-Y09],2,0,3,3,2,2,1,1,0,0,3,2,3,9,3,2,5,4,5,6,4,1,3,5,5
,,Event of undetermined intent  [Y10-Y34],2,2,2,7,4,5,3,2,1,4,3,1,5,1,3,4,6,4,4,5,8,3,2,10,10
,,Legal intervention and operations of war  [Y35-Y36],0,0,0,0,0,0,0,0,0,0,0,0,0,0,0,0,0,0,0,0,0,0,0,0,0
,,Complications of medical and surgical care  [Y40-Y84],17,16,19,24,15,20,19,24,21,22,21,10,16,16,13,14,17,17,15,23,21,29,33,34,52
,,Sequelae of external causes of morbidity and mortality  [Y85-Y89],10,15,16,19,18,14,17,21,24,18,22,18,15,18,13,15,20,24,21,31,47,52,31,84,56
,Males,"Total, all causes of death  [A00-Y89]","8,198","8,492","8,901","9,213","9,625","10,144","10,546","10,935","11,531","11,582","12,348","13,118","14,165","15,091","16,022","16,949","17,756","19,461","20,316","20,945","23,232","23,010","26,347","24,947","25,389"
,,Chapter XX: External causes of morbidity and mortality  [V01-Y89],288,311,314,356,319,371,399,382,461,477,532,579,640,654,674,683,792,863,887,"1,063","1,143","1,191","1,317","1,374","1,454"
,,Transport accidents  [V01-V99],9,10,10,17,16,10,16,9,17,14,17,20,17,15,12,19,23,17,26,23,16,15,23,29,31
,,Other external causes of accidental injury  [W00-X59],258,285,279,307,284,337,355,350,407,435,483,542,598,611,624,626,728,788,825,985,"1,055","1,120","1,238","1,263","1,349"
,,Intentional self-harm  [X60-X84],10,8,14,16,8,9,17,9,18,15,14,10,12,17,25,23,23,33,24,25,34,23,26,30,25
,,Assault  [X85-Y09],2,0,1,3,0,0,0,1,0,0,2,0,0,2,2,1,1,2,2,3,3,1,3,2,4
,,Event of undetermined intent  [Y10-Y34],0,1,1,2,0,2,2,0,0,2,2,1,2,0,2,1,1,1,2,0,3,1,1,5,5
,,Legal intervention and operations of war  [Y35-Y36],0,0,0,0,0,0,0,0,0,0,0,0,0,0,0,0,0,0,0,0,0,0,0,0,0
,,Complications of medical and surgical care  [Y40-Y84],5,6,7,9,8,7,5,9,8,5,6,3,5,7,4,9,10,10,3,14,8,17,19,16,19
,,Sequelae of external causes of morbidity and mortality  [Y85-Y89],4,1,2,2,3,6,4,4,11,6,8,3,6,2,5,4,6,12,5,13,24,14,7,29,21
,Females,"Total, all causes of death  [A00-Y89]","19,825","20,630","21,522","22,326","23,224","24,030","24,391","25,668","26,191","26,632","28,419","29,632","30,728","32,847","34,209","35,519","35,921","38,742","40,254","40,318","43,479","41,641","46,691","44,477","44,075"
,,Chapter XX: External causes of morbidity and mortality  [V01-Y89],662,668,764,821,832,808,895,893,990,"1,035","1,209","1,232","1,388","1,403","1,467","1,495","1,520","1,656","1,892","2,018","2,119","2,312","2,614","2,534","2,581"
,,Transport accidents  [V01-V99],4,6,12,5,11,9,6,9,9,12,15,10,7,19,14,20,16,11,15,17,10,9,16,15,15
,,Other external causes of accidental injury  [W00-X59],635,634,721,772,790,769,857,845,950,988,"1,158","1,196","1,349","1,341","1,427","1,451","1,464","1,611","1,832","1,960","2,061","2,246","2,552","2,433","2,483"
,,Intentional self-harm  [X60-X84],3,3,2,7,3,4,3,5,4,4,5,2,6,10,7,4,10,10,12,6,6,5,7,5,9
,,Assault  [X85-Y09],0,0,2,0,2,2,1,0,0,0,1,2,3,7,1,1,4,2,3,3,1,0,0,3,1
,,Event of undetermined intent  [Y10-Y34],2,1,1,5,4,3,1,2,1,2,1,0,3,1,1,3,5,3,2,5,5,2,1,5,5
,,Legal intervention and operations of war  [Y35-Y36],0,0,0,0,0,0,0,0,0,0,0,0,0,0,0,0,0,0,0,0,0,0,0,0,0
,,Complications of medical and surgical care  [Y40-Y84],12,10,12,15,7,13,14,15,13,17,15,7,11,9,9,5,7,7,12,9,13,12,14,18,33
,,Sequelae of external causes of morbidity and mortality  [Y85-Y89],6,14,14,17,15,8,13,17,13,12,14,15,9,16,8,11,14,12,16,18,23,38,24,55,35
"Age, not stated",Both sexes,"Total, all causes of death  [A00-Y89]",0,0,0,0,0,0,0,0,0,0,0,0,0,0,0,0,0,0,0,0,0,0,0,0,0
,,Chapter XX: External causes of morbidity and mortality  [V01-Y89],0,0,0,0,0,0,0,0,0,0,0,0,0,0,0,0,0,0,0,0,0,0,0,0,0
,,Transport accidents  [V01-V99],0,0,0,0,0,0,0,0,0,0,0,0,0,0,0,0,0,0,0,0,0,0,0,0,0
,,Other external causes of accidental injury  [W00-X59],0,0,0,0,0,0,0,0,0,0,0,0,0,0,0,0,0,0,0,0,0,0,0,0,0
,,Intentional self-harm  [X60-X84],0,0,0,0,0,0,0,0,0,0,0,0,0,0,0,0,0,0,0,0,0,0,0,0,0
,,Assault  [X85-Y09],0,0,0,0,0,0,0,0,0,0,0,0,0,0,0,0,0,0,0,0,0,0,0,0,0
,,Event of undetermined intent  [Y10-Y34],0,0,0,0,0,0,0,0,0,0,0,0,0,0,0,0,0,0,0,0,0,0,0,0,0
,,Legal intervention and operations of war  [Y35-Y36],0,0,0,0,0,0,0,0,0,0,0,0,0,0,0,0,0,0,0,0,0,0,0,0,0
,,Complications of medical and surgical care  [Y40-Y84],0,0,0,0,0,0,0,0,0,0,0,0,0,0,0,0,0,0,0,0,0,0,0,0,0
,,Sequelae of external causes of morbidity and mortality  [Y85-Y89],0,0,0,0,0,0,0,0,0,0,0,0,0,0,0,0,0,0,0,0,0,0,0,0,0
,Males,"Total, all causes of death  [A00-Y89]",0,0,0,0,0,0,0,0,0,0,0,0,0,0,0,0,0,0,0,0,0,0,0,0,0
,,Chapter XX: External causes of morbidity and mortality  [V01-Y89],0,0,0,0,0,0,0,0,0,0,0,0,0,0,0,0,0,0,0,0,0,0,0,0,0
,,Transport accidents  [V01-V99],0,0,0,0,0,0,0,0,0,0,0,0,0,0,0,0,0,0,0,0,0,0,0,0,0
,,Other external causes of accidental injury  [W00-X59],0,0,0,0,0,0,0,0,0,0,0,0,0,0,0,0,0,0,0,0,0,0,0,0,0
,,Intentional self-harm  [X60-X84],0,0,0,0,0,0,0,0,0,0,0,0,0,0,0,0,0,0,0,0,0,0,0,0,0
,,Assault  [X85-Y09],0,0,0,0,0,0,0,0,0,0,0,0,0,0,0,0,0,0,0,0,0,0,0,0,0
,,Event of undetermined intent  [Y10-Y34],0,0,0,0,0,0,0,0,0,0,0,0,0,0,0,0,0,0,0,0,0,0,0,0,0
,,Legal intervention and operations of war  [Y35-Y36],0,0,0,0,0,0,0,0,0,0,0,0,0,0,0,0,0,0,0,0,0,0,0,0,0
,,Complications of medical and surgical care  [Y40-Y84],0,0,0,0,0,0,0,0,0,0,0,0,0,0,0,0,0,0,0,0,0,0,0,0,0
,,Sequelae of external causes of morbidity and mortality  [Y85-Y89],0,0,0,0,0,0,0,0,0,0,0,0,0,0,0,0,0,0,0,0,0,0,0,0,0
,Females,"Total, all causes of death  [A00-Y89]",0,0,0,0,0,0,0,0,0,0,0,0,0,0,0,0,0,0,0,0,0,0,0,0,0
,,Chapter XX: External causes of morbidity and mortality  [V01-Y89],0,0,0,0,0,0,0,0,0,0,0,0,0,0,0,0,0,0,0,0,0,0,0,0,0
,,Transport accidents  [V01-V99],0,0,0,0,0,0,0,0,0,0,0,0,0,0,0,0,0,0,0,0,0,0,0,0,0
,,Other external causes of accidental injury  [W00-X59],0,0,0,0,0,0,0,0,0,0,0,0,0,0,0,0,0,0,0,0,0,0,0,0,0
,,Intentional self-harm  [X60-X84],0,0,0,0,0,0,0,0,0,0,0,0,0,0,0,0,0,0,0,0,0,0,0,0,0
,,Assault  [X85-Y09],0,0,0,0,0,0,0,0,0,0,0,0,0,0,0,0,0,0,0,0,0,0,0,0,0
,,Event of undetermined intent  [Y10-Y34],0,0,0,0,0,0,0,0,0,0,0,0,0,0,0,0,0,0,0,0,0,0,0,0,0
,,Legal intervention and operations of war  [Y35-Y36],0,0,0,0,0,0,0,0,0,0,0,0,0,0,0,0,0,0,0,0,0,0,0,0,0
,,Complications of medical and surgical care  [Y40-Y84],0,0,0,0,0,0,0,0,0,0,0,0,0,0,0,0,0,0,0,0,0,0,0,0,0
,,Sequelae of external causes of morbidity and mortality  [Y85-Y89],0,0,0,0,0,0,0,0,0,0,0,0,0,0,0,0,0,0,0,0,0,0,0,0,0